2026-04-26 10:47:46,706 INFO test: log file test message
2026-04-26 10:47:46,706 WARNING test: warning test
2026-04-26 17:22:42,162 INFO rq.worker: Worker a9734110afc744e0904c15fe064e3606: started with PID 81873, version 2.8.0
2026-04-26 17:22:42,162 INFO rq.worker: Worker a9734110afc744e0904c15fe064e3606: subscribing to channel rq:pubsub:a9734110afc744e0904c15fe064e3606
2026-04-26 17:22:42,164 INFO rq.worker: *** Listening on [32mhigh, default, low[39;49;00m...
2026-04-26 17:22:42,165 INFO rq.worker: Worker a9734110afc744e0904c15fe064e3606: cleaning registries for queue: high
2026-04-26 17:22:42,167 INFO rq.worker: Worker a9734110afc744e0904c15fe064e3606: cleaning registries for queue: default
2026-04-26 17:22:42,169 INFO rq.worker: Worker a9734110afc744e0904c15fe064e3606: cleaning registries for queue: low
2026-04-26 17:36:12,274 INFO rq.worker: Worker a9734110afc744e0904c15fe064e3606: cleaning registries for queue: high
2026-04-26 17:36:12,284 INFO rq.worker: Worker a9734110afc744e0904c15fe064e3606: cleaning registries for queue: default
2026-04-26 17:36:12,287 INFO rq.worker: Worker a9734110afc744e0904c15fe064e3606: cleaning registries for queue: low
2026-04-26 17:43:12,299 ERROR rq.worker: Worker a9734110afc744e0904c15fe064e3606: could not connect to Redis instance: Connection closed by server. retrying in 1 seconds...
2026-04-26 17:43:12,300 ERROR rq.worker: Worker a9734110afc744e0904c15fe064e3606: could not connect to Redis instance: Error while reading from localhost:6379 : (54, 'Connection reset by peer') retrying in 2 seconds...
2026-04-26 17:43:13,300 ERROR rq.worker: Worker a9734110afc744e0904c15fe064e3606: could not connect to Redis instance: Error 61 connecting to localhost:6379. Connection refused. retrying in 2 seconds...
2026-04-26 17:50:00,368 INFO rq.worker: Worker a9734110afc744e0904c15fe064e3606: cleaning registries for queue: high
2026-04-26 17:50:00,380 INFO rq.worker: Worker a9734110afc744e0904c15fe064e3606: cleaning registries for queue: default
2026-04-26 17:50:00,383 INFO rq.worker: Worker a9734110afc744e0904c15fe064e3606: cleaning registries for queue: low
2026-04-26 18:03:30,451 INFO rq.worker: Worker a9734110afc744e0904c15fe064e3606: cleaning registries for queue: high
2026-04-26 18:03:30,456 INFO rq.worker: Worker a9734110afc744e0904c15fe064e3606: cleaning registries for queue: default
2026-04-26 18:03:30,459 INFO rq.worker: Worker a9734110afc744e0904c15fe064e3606: cleaning registries for queue: low
2026-04-26 18:17:00,557 INFO rq.worker: Worker a9734110afc744e0904c15fe064e3606: cleaning registries for queue: high
2026-04-26 18:17:00,562 INFO rq.worker: Worker a9734110afc744e0904c15fe064e3606: cleaning registries for queue: default
2026-04-26 18:17:00,565 INFO rq.worker: Worker a9734110afc744e0904c15fe064e3606: cleaning registries for queue: low
2026-04-27 00:35:42,009 INFO ast_extractor: backed up existing ast_json/ to /Users/arslanbisharat/Documents/TLA+ Bench Eval/data/ast_json_flat_backup
2026-04-27 00:35:42,414 INFO ast_extractor: extraction complete: 1 success, 0 failed, 0 skipped (of 1 total)
2026-04-27 00:36:43,002 INFO ast_extractor: extraction complete: 1 success, 0 failed, 0 skipped (of 1 total)
2026-04-27 00:37:24,670 WARNING ast_extractor: SANY XMLExporter failed for ACP_NB: 
Fatal errors while parsing TLA+ spec in file /var/folders/nj/rhyfrhln2x76xrg36l6zy0680000gn/T/tmpxxg2k8ax/ACP_NB.tla

In module ACP_NB

Cannot find source file for module ACP_SB imported in module AC
2026-04-27 00:37:24,671 WARNING ast_extractor: spec=2 (ACP_NB): AST extraction failed
2026-04-27 00:37:24,833 WARNING ast_extractor: SANY XMLExporter failed for ACP_NB_TLC: 
Fatal errors while parsing TLA+ spec in file /var/folders/nj/rhyfrhln2x76xrg36l6zy0680000gn/T/tmppptt2qls/ACP_NB_TLC.tla

In module ACP_NB_TLC

Cannot find source file for module ACP_NB imported in m
2026-04-27 00:37:24,834 WARNING ast_extractor: spec=3 (ACP_NB_TLC): AST extraction failed
2026-04-27 00:37:25,017 WARNING ast_extractor: SANY XMLExporter failed for ACP_NB_WRONG_TLC: 
Fatal errors while parsing TLA+ spec in file /var/folders/nj/rhyfrhln2x76xrg36l6zy0680000gn/T/tmpxf3pwdg8/ACP_NB_WRONG_TLC.tla

In module ACP_NB_WRONG_TLC

Cannot find source file for module ACP_SB i
2026-04-27 00:37:25,018 WARNING ast_extractor: spec=4 (ACP_NB_WRONG_TLC): AST extraction failed
2026-04-27 00:37:25,402 INFO ast_extractor: extraction complete: 2 success, 3 failed, 0 skipped (of 5 total)
2026-04-27 00:37:51,208 WARNING ast_extractor: SANY XMLExporter failed for ACP_NB: 
Fatal errors while parsing TLA+ spec in file /var/folders/nj/rhyfrhln2x76xrg36l6zy0680000gn/T/tmpvnbse9my/ACP_NB.tla

In module ACP_NB

Cannot find source file for module ACP_SB imported in module AC
2026-04-27 00:37:51,222 WARNING ast_extractor: spec=2 (ACP_NB): AST extraction failed
2026-04-27 00:37:51,475 WARNING ast_extractor: SANY XMLExporter failed for ACP_NB_TLC: 
Fatal errors while parsing TLA+ spec in file /var/folders/nj/rhyfrhln2x76xrg36l6zy0680000gn/T/tmpkz1bwyqd/ACP_NB_TLC.tla

In module ACP_NB_TLC

Cannot find source file for module ACP_NB imported in m
2026-04-27 00:37:51,489 WARNING ast_extractor: spec=3 (ACP_NB_TLC): AST extraction failed
2026-04-27 00:37:51,752 WARNING ast_extractor: SANY XMLExporter failed for ACP_NB_WRONG_TLC: 
Fatal errors while parsing TLA+ spec in file /var/folders/nj/rhyfrhln2x76xrg36l6zy0680000gn/T/tmpswzce948/ACP_NB_WRONG_TLC.tla

In module ACP_NB_WRONG_TLC

Cannot find source file for module ACP_SB i
2026-04-27 00:37:51,770 WARNING ast_extractor: spec=4 (ACP_NB_WRONG_TLC): AST extraction failed
2026-04-27 00:37:52,244 INFO ast_extractor: extraction complete: 2 success, 3 failed, 0 skipped (of 5 total)
2026-04-27 00:38:04,055 WARNING ast_extractor: SANY XMLExporter failed for ACP_NB: 
Fatal errors while parsing TLA+ spec in file /var/folders/nj/rhyfrhln2x76xrg36l6zy0680000gn/T/tmp_cr2oble/ACP_NB.tla

In module ACP_NB

Cannot find source file for module ACP_SB imported in module AC
2026-04-27 00:38:04,069 WARNING ast_extractor: spec=2 (ACP_NB): AST extraction failed
2026-04-27 00:38:04,305 WARNING ast_extractor: SANY XMLExporter failed for ACP_NB_TLC: 
Fatal errors while parsing TLA+ spec in file /var/folders/nj/rhyfrhln2x76xrg36l6zy0680000gn/T/tmpxuauvcjk/ACP_NB_TLC.tla

In module ACP_NB_TLC

Cannot find source file for module ACP_NB imported in m
2026-04-27 00:38:04,319 WARNING ast_extractor: spec=3 (ACP_NB_TLC): AST extraction failed
2026-04-27 00:38:04,572 WARNING ast_extractor: SANY XMLExporter failed for ACP_NB_WRONG_TLC: 
Fatal errors while parsing TLA+ spec in file /var/folders/nj/rhyfrhln2x76xrg36l6zy0680000gn/T/tmp0pgwn65h/ACP_NB_WRONG_TLC.tla

In module ACP_NB_WRONG_TLC

Cannot find source file for module ACP_SB i
2026-04-27 00:38:04,587 WARNING ast_extractor: spec=4 (ACP_NB_WRONG_TLC): AST extraction failed
2026-04-27 00:38:05,314 WARNING ast_extractor: SANY XMLExporter failed for ACP_SB_TLC: 
Fatal errors while parsing TLA+ spec in file /var/folders/nj/rhyfrhln2x76xrg36l6zy0680000gn/T/tmp292u82pl/ACP_SB_TLC.tla

In module ACP_SB_TLC

Cannot find source file for module ACP_SB imported in m
2026-04-27 00:38:05,329 WARNING ast_extractor: spec=6 (ACP_SB_TLC): AST extraction failed
2026-04-27 00:38:05,608 WARNING ast_extractor: SANY XMLExporter failed for AllocatorImplementation: 
Fatal errors while parsing TLA+ spec in file /var/folders/nj/rhyfrhln2x76xrg36l6zy0680000gn/T/tmppcoijoum/AllocatorImplementation.tla

In module AllocatorImplementation

Cannot find source file for m
2026-04-27 00:38:05,622 WARNING ast_extractor: spec=7 (AllocatorImplementation): AST extraction failed
2026-04-27 00:38:05,856 WARNING ast_extractor: SANY XMLExporter failed for AllocatorRefinement: 
Fatal errors while parsing TLA+ spec in file /var/folders/nj/rhyfrhln2x76xrg36l6zy0680000gn/T/tmpvr4dze97/AllocatorRefinement.tla

In module AllocatorRefinement

Cannot find source file for module Sc
2026-04-27 00:38:05,870 WARNING ast_extractor: spec=8 (AllocatorRefinement): AST extraction failed
2026-04-27 00:38:07,142 WARNING ast_extractor: SANY XMLExporter failed for Bakery: 
Fatal errors while parsing TLA+ spec in file /var/folders/nj/rhyfrhln2x76xrg36l6zy0680000gn/T/tmpexefuys4/Bakery.tla

In module Bakery

Cannot find source file for module TLAPS imported in module Bak
2026-04-27 00:38:07,156 WARNING ast_extractor: spec=11 (Bakery): AST extraction failed
2026-04-27 00:38:07,472 WARNING ast_extractor: SANY XMLExporter failed for Boulanger: 
Fatal errors while parsing TLA+ spec in file /var/folders/nj/rhyfrhln2x76xrg36l6zy0680000gn/T/tmpsj9b9z3n/Boulanger.tla

In module Boulanger

Cannot find source file for module TLAPS imported in modu
2026-04-27 00:38:07,486 WARNING ast_extractor: spec=12 (Boulanger): AST extraction failed
2026-04-27 00:38:07,721 WARNING ast_extractor: SANY XMLExporter failed for MCBakery: 
Fatal errors while parsing TLA+ spec in file /var/folders/nj/rhyfrhln2x76xrg36l6zy0680000gn/T/tmp1508huak/MCBakery.tla

In module MCBakery

Cannot find source file for module Bakery imported in modul
2026-04-27 00:38:07,735 WARNING ast_extractor: spec=13 (MCBakery): AST extraction failed
2026-04-27 00:38:07,970 WARNING ast_extractor: SANY XMLExporter failed for MCBoulanger: 
Fatal errors while parsing TLA+ spec in file /var/folders/nj/rhyfrhln2x76xrg36l6zy0680000gn/T/tmpdi_5klpl/MCBoulanger.tla

In module MCBoulanger

Cannot find source file for module Boulanger imported
2026-04-27 00:38:07,984 WARNING ast_extractor: spec=14 (MCBoulanger): AST extraction failed
2026-04-27 00:38:08,324 WARNING ast_extractor: SANY XMLExporter failed for bcastByz: 
Fatal errors while parsing TLA+ spec in file /var/folders/nj/rhyfrhln2x76xrg36l6zy0680000gn/T/tmpppvbfs3w/bcastByz.tla

In module bcastByz

Cannot find source file for module Functions imported in mo
2026-04-27 00:38:08,338 WARNING ast_extractor: spec=15 (bcastByz): AST extraction failed
2026-04-27 00:38:09,504 WARNING ast_extractor: SANY XMLExporter failed for 18: 
Fatal errors while parsing TLA+ spec in file /var/folders/nj/rhyfrhln2x76xrg36l6zy0680000gn/T/tmp_k1_bvvx/18.tla

Unknown location

File name '18' does not match the name 'BufferedRandomAccessFile' o
2026-04-27 00:38:09,515 WARNING ast_extractor: spec=18 (18): AST extraction failed
2026-04-27 00:38:09,780 WARNING ast_extractor: SANY XMLExporter failed for VoucherCancel: 
Fatal errors while parsing TLA+ spec in file /var/folders/nj/rhyfrhln2x76xrg36l6zy0680000gn/T/tmpg12b_6o0/VoucherCancel.tla

In module VoucherCancel

Cannot find source file for module VoucherLifeCyc
2026-04-27 00:38:09,794 WARNING ast_extractor: spec=19 (VoucherCancel): AST extraction failed
2026-04-27 00:38:10,064 WARNING ast_extractor: SANY XMLExporter failed for VoucherIssue: 
Fatal errors while parsing TLA+ spec in file /var/folders/nj/rhyfrhln2x76xrg36l6zy0680000gn/T/tmpi01lxgwj/VoucherIssue.tla

In module VoucherIssue

Cannot find source file for module VoucherLifeCycle
2026-04-27 00:38:10,078 WARNING ast_extractor: spec=20 (VoucherIssue): AST extraction failed
2026-04-27 00:38:10,078 INFO ast_extractor: extraction complete: 6 success, 14 failed, 0 skipped (of 20 total)
2026-04-27 00:38:21,516 WARNING ast_extractor: SANY XMLExporter failed for ACP_NB: 
Fatal errors while parsing TLA+ spec in file /var/folders/nj/rhyfrhln2x76xrg36l6zy0680000gn/T/tmppe0k9coe/ACP_NB.tla

In module ACP_NB

Cannot find source file for module ACP_SB imported in module AC
2026-04-27 00:38:21,530 WARNING ast_extractor: spec=2 (ACP_NB): AST extraction failed
2026-04-27 00:38:21,761 WARNING ast_extractor: SANY XMLExporter failed for ACP_NB_TLC: 
Fatal errors while parsing TLA+ spec in file /var/folders/nj/rhyfrhln2x76xrg36l6zy0680000gn/T/tmpnlk5zd6n/ACP_NB_TLC.tla

In module ACP_NB_TLC

Cannot find source file for module ACP_NB imported in m
2026-04-27 00:38:21,775 WARNING ast_extractor: spec=3 (ACP_NB_TLC): AST extraction failed
2026-04-27 00:38:22,024 WARNING ast_extractor: SANY XMLExporter failed for ACP_NB_WRONG_TLC: 
Fatal errors while parsing TLA+ spec in file /var/folders/nj/rhyfrhln2x76xrg36l6zy0680000gn/T/tmpv2kb4r5o/ACP_NB_WRONG_TLC.tla

In module ACP_NB_WRONG_TLC

Cannot find source file for module ACP_SB i
2026-04-27 00:38:22,038 WARNING ast_extractor: spec=4 (ACP_NB_WRONG_TLC): AST extraction failed
2026-04-27 00:38:22,739 WARNING ast_extractor: SANY XMLExporter failed for ACP_SB_TLC: 
Fatal errors while parsing TLA+ spec in file /var/folders/nj/rhyfrhln2x76xrg36l6zy0680000gn/T/tmp_3aoqwln/ACP_SB_TLC.tla

In module ACP_SB_TLC

Cannot find source file for module ACP_SB imported in m
2026-04-27 00:38:22,753 WARNING ast_extractor: spec=6 (ACP_SB_TLC): AST extraction failed
2026-04-27 00:38:23,024 WARNING ast_extractor: SANY XMLExporter failed for AllocatorImplementation: 
Fatal errors while parsing TLA+ spec in file /var/folders/nj/rhyfrhln2x76xrg36l6zy0680000gn/T/tmplv6iz2xm/AllocatorImplementation.tla

In module AllocatorImplementation

Cannot find source file for m
2026-04-27 00:38:23,038 WARNING ast_extractor: spec=7 (AllocatorImplementation): AST extraction failed
2026-04-27 00:38:23,268 WARNING ast_extractor: SANY XMLExporter failed for AllocatorRefinement: 
Fatal errors while parsing TLA+ spec in file /var/folders/nj/rhyfrhln2x76xrg36l6zy0680000gn/T/tmpstd1lvb_/AllocatorRefinement.tla

In module AllocatorRefinement

Cannot find source file for module Sc
2026-04-27 00:38:23,282 WARNING ast_extractor: spec=8 (AllocatorRefinement): AST extraction failed
2026-04-27 00:38:24,531 WARNING ast_extractor: SANY XMLExporter failed for Bakery: 
Fatal errors while parsing TLA+ spec in file /var/folders/nj/rhyfrhln2x76xrg36l6zy0680000gn/T/tmp416gjtme/Bakery.tla

In module Bakery

Cannot find source file for module TLAPS imported in module Bak
2026-04-27 00:38:24,546 WARNING ast_extractor: spec=11 (Bakery): AST extraction failed
2026-04-27 00:38:24,849 WARNING ast_extractor: SANY XMLExporter failed for Boulanger: 
Fatal errors while parsing TLA+ spec in file /var/folders/nj/rhyfrhln2x76xrg36l6zy0680000gn/T/tmp7i4olwv8/Boulanger.tla

In module Boulanger

Cannot find source file for module TLAPS imported in modu
2026-04-27 00:38:24,863 WARNING ast_extractor: spec=12 (Boulanger): AST extraction failed
2026-04-27 00:38:25,092 WARNING ast_extractor: SANY XMLExporter failed for MCBakery: 
Fatal errors while parsing TLA+ spec in file /var/folders/nj/rhyfrhln2x76xrg36l6zy0680000gn/T/tmpth0xewfz/MCBakery.tla

In module MCBakery

Cannot find source file for module Bakery imported in modul
2026-04-27 00:38:25,106 WARNING ast_extractor: spec=13 (MCBakery): AST extraction failed
2026-04-27 00:38:25,339 WARNING ast_extractor: SANY XMLExporter failed for MCBoulanger: 
Fatal errors while parsing TLA+ spec in file /var/folders/nj/rhyfrhln2x76xrg36l6zy0680000gn/T/tmpyx26xejw/MCBoulanger.tla

In module MCBoulanger

Cannot find source file for module Boulanger imported
2026-04-27 00:38:25,353 WARNING ast_extractor: spec=14 (MCBoulanger): AST extraction failed
2026-04-27 00:38:25,685 WARNING ast_extractor: SANY XMLExporter failed for bcastByz: 
Fatal errors while parsing TLA+ spec in file /var/folders/nj/rhyfrhln2x76xrg36l6zy0680000gn/T/tmpxd5312vg/bcastByz.tla

In module bcastByz

Cannot find source file for module Functions imported in mo
2026-04-27 00:38:25,699 WARNING ast_extractor: spec=15 (bcastByz): AST extraction failed
2026-04-27 00:38:26,854 WARNING ast_extractor: SANY XMLExporter failed for 18: 
Fatal errors while parsing TLA+ spec in file /var/folders/nj/rhyfrhln2x76xrg36l6zy0680000gn/T/tmpzjzqohx5/18.tla

Unknown location

File name '18' does not match the name 'BufferedRandomAccessFile' o
2026-04-27 00:38:26,866 WARNING ast_extractor: spec=18 (18): AST extraction failed
2026-04-27 00:38:27,132 WARNING ast_extractor: SANY XMLExporter failed for VoucherCancel: 
Fatal errors while parsing TLA+ spec in file /var/folders/nj/rhyfrhln2x76xrg36l6zy0680000gn/T/tmpwre_7whz/VoucherCancel.tla

In module VoucherCancel

Cannot find source file for module VoucherLifeCyc
2026-04-27 00:38:27,147 WARNING ast_extractor: spec=19 (VoucherCancel): AST extraction failed
2026-04-27 00:38:27,412 WARNING ast_extractor: SANY XMLExporter failed for VoucherIssue: 
Fatal errors while parsing TLA+ spec in file /var/folders/nj/rhyfrhln2x76xrg36l6zy0680000gn/T/tmp8cjle8vv/VoucherIssue.tla

In module VoucherIssue

Cannot find source file for module VoucherLifeCycle
2026-04-27 00:38:27,427 WARNING ast_extractor: spec=20 (VoucherIssue): AST extraction failed
2026-04-27 00:38:27,427 INFO ast_extractor: extraction complete: 6 success, 14 failed, 0 skipped (of 20 total)
2026-04-27 00:38:38,313 WARNING ast_extractor: SANY XMLExporter failed for ACP_NB: 
Fatal errors while parsing TLA+ spec in file /var/folders/nj/rhyfrhln2x76xrg36l6zy0680000gn/T/tmpjrnideuk/ACP_NB.tla

In module ACP_NB

Cannot find source file for module ACP_SB imported in module AC
2026-04-27 00:38:38,327 WARNING ast_extractor: spec=2 (ACP_NB): AST extraction failed
2026-04-27 00:38:38,594 WARNING ast_extractor: SANY XMLExporter failed for ACP_NB_TLC: 
Fatal errors while parsing TLA+ spec in file /var/folders/nj/rhyfrhln2x76xrg36l6zy0680000gn/T/tmpc1ntnmid/ACP_NB_TLC.tla

In module ACP_NB_TLC

Cannot find source file for module ACP_NB imported in m
2026-04-27 00:38:38,607 WARNING ast_extractor: spec=3 (ACP_NB_TLC): AST extraction failed
2026-04-27 00:38:38,862 WARNING ast_extractor: SANY XMLExporter failed for ACP_NB_WRONG_TLC: 
Fatal errors while parsing TLA+ spec in file /var/folders/nj/rhyfrhln2x76xrg36l6zy0680000gn/T/tmpn20b6jvb/ACP_NB_WRONG_TLC.tla

In module ACP_NB_WRONG_TLC

Cannot find source file for module ACP_SB i
2026-04-27 00:38:38,876 WARNING ast_extractor: spec=4 (ACP_NB_WRONG_TLC): AST extraction failed
2026-04-27 00:38:39,574 WARNING ast_extractor: SANY XMLExporter failed for ACP_SB_TLC: 
Fatal errors while parsing TLA+ spec in file /var/folders/nj/rhyfrhln2x76xrg36l6zy0680000gn/T/tmp84gfmdkk/ACP_SB_TLC.tla

In module ACP_SB_TLC

Cannot find source file for module ACP_SB imported in m
2026-04-27 00:38:39,589 WARNING ast_extractor: spec=6 (ACP_SB_TLC): AST extraction failed
2026-04-27 00:38:39,865 WARNING ast_extractor: SANY XMLExporter failed for AllocatorImplementation: 
Fatal errors while parsing TLA+ spec in file /var/folders/nj/rhyfrhln2x76xrg36l6zy0680000gn/T/tmpk0887jho/AllocatorImplementation.tla

In module AllocatorImplementation

Cannot find source file for m
2026-04-27 00:38:39,879 WARNING ast_extractor: spec=7 (AllocatorImplementation): AST extraction failed
2026-04-27 00:38:40,112 WARNING ast_extractor: SANY XMLExporter failed for AllocatorRefinement: 
Fatal errors while parsing TLA+ spec in file /var/folders/nj/rhyfrhln2x76xrg36l6zy0680000gn/T/tmpn9ynhdwp/AllocatorRefinement.tla

In module AllocatorRefinement

Cannot find source file for module Sc
2026-04-27 00:38:40,127 WARNING ast_extractor: spec=8 (AllocatorRefinement): AST extraction failed
2026-04-27 00:38:41,375 WARNING ast_extractor: SANY XMLExporter failed for Bakery: 
Fatal errors while parsing TLA+ spec in file /var/folders/nj/rhyfrhln2x76xrg36l6zy0680000gn/T/tmpong7m51o/Bakery.tla

In module Bakery

Cannot find source file for module TLAPS imported in module Bak
2026-04-27 00:38:41,389 WARNING ast_extractor: spec=11 (Bakery): AST extraction failed
2026-04-27 00:38:41,697 WARNING ast_extractor: SANY XMLExporter failed for Boulanger: 
Fatal errors while parsing TLA+ spec in file /var/folders/nj/rhyfrhln2x76xrg36l6zy0680000gn/T/tmpp3mncges/Boulanger.tla

In module Boulanger

Cannot find source file for module TLAPS imported in modu
2026-04-27 00:38:41,711 WARNING ast_extractor: spec=12 (Boulanger): AST extraction failed
2026-04-27 00:38:41,941 WARNING ast_extractor: SANY XMLExporter failed for MCBakery: 
Fatal errors while parsing TLA+ spec in file /var/folders/nj/rhyfrhln2x76xrg36l6zy0680000gn/T/tmpfk6k77ya/MCBakery.tla

In module MCBakery

Cannot find source file for module Bakery imported in modul
2026-04-27 00:38:41,955 WARNING ast_extractor: spec=13 (MCBakery): AST extraction failed
2026-04-27 00:38:42,217 WARNING ast_extractor: SANY XMLExporter failed for MCBoulanger: 
Fatal errors while parsing TLA+ spec in file /var/folders/nj/rhyfrhln2x76xrg36l6zy0680000gn/T/tmpyfwz92pl/MCBoulanger.tla

In module MCBoulanger

Cannot find source file for module Boulanger imported
2026-04-27 00:38:42,231 WARNING ast_extractor: spec=14 (MCBoulanger): AST extraction failed
2026-04-27 00:38:42,570 WARNING ast_extractor: SANY XMLExporter failed for bcastByz: 
Fatal errors while parsing TLA+ spec in file /var/folders/nj/rhyfrhln2x76xrg36l6zy0680000gn/T/tmpy8p7zk2i/bcastByz.tla

In module bcastByz

Cannot find source file for module Functions imported in mo
2026-04-27 00:38:42,584 WARNING ast_extractor: spec=15 (bcastByz): AST extraction failed
2026-04-27 00:38:43,739 WARNING ast_extractor: SANY XMLExporter failed for 18: 
Fatal errors while parsing TLA+ spec in file /var/folders/nj/rhyfrhln2x76xrg36l6zy0680000gn/T/tmpxuo05fph/18.tla

Unknown location

File name '18' does not match the name 'BufferedRandomAccessFile' o
2026-04-27 00:38:43,750 WARNING ast_extractor: spec=18 (18): AST extraction failed
2026-04-27 00:38:44,015 WARNING ast_extractor: SANY XMLExporter failed for VoucherCancel: 
Fatal errors while parsing TLA+ spec in file /var/folders/nj/rhyfrhln2x76xrg36l6zy0680000gn/T/tmp55q9me78/VoucherCancel.tla

In module VoucherCancel

Cannot find source file for module VoucherLifeCyc
2026-04-27 00:38:44,029 WARNING ast_extractor: spec=19 (VoucherCancel): AST extraction failed
2026-04-27 00:38:44,303 WARNING ast_extractor: SANY XMLExporter failed for VoucherIssue: 
Fatal errors while parsing TLA+ spec in file /var/folders/nj/rhyfrhln2x76xrg36l6zy0680000gn/T/tmp_mgeu67c/VoucherIssue.tla

In module VoucherIssue

Cannot find source file for module VoucherLifeCycle
2026-04-27 00:38:44,317 WARNING ast_extractor: spec=20 (VoucherIssue): AST extraction failed
2026-04-27 00:38:44,317 INFO ast_extractor: extraction complete: 6 success, 14 failed, 0 skipped (of 20 total)
2026-04-27 00:44:51,257 WARNING ast_extractor: SANY failed for ACP_NB: 
Fatal errors while parsing TLA+ spec in file /var/folders/nj/rhyfrhln2x76xrg36l6zy0680000gn/T/tmpalo73wdx/ACP_NB.tla

In module ACP_NB

Cannot find source file for module ACP_SB imported in module AC
2026-04-27 00:44:51,271 WARNING ast_extractor: spec=2 (ACP_NB): extraction failed
2026-04-27 00:44:51,515 WARNING ast_extractor: SANY failed for ACP_NB_TLC: 
Fatal errors while parsing TLA+ spec in file /var/folders/nj/rhyfrhln2x76xrg36l6zy0680000gn/T/tmpbgpjosy5/ACP_NB_TLC.tla

In module ACP_NB_TLC

Cannot find source file for module ACP_NB imported in m
2026-04-27 00:44:51,529 WARNING ast_extractor: spec=3 (ACP_NB_TLC): extraction failed
2026-04-27 00:44:51,794 WARNING ast_extractor: SANY failed for ACP_NB_WRONG_TLC: 
Fatal errors while parsing TLA+ spec in file /var/folders/nj/rhyfrhln2x76xrg36l6zy0680000gn/T/tmp0xr2upwe/ACP_NB_WRONG_TLC.tla

In module ACP_NB_WRONG_TLC

Cannot find source file for module ACP_SB i
2026-04-27 00:44:51,808 WARNING ast_extractor: spec=4 (ACP_NB_WRONG_TLC): extraction failed
2026-04-27 00:44:52,512 WARNING ast_extractor: SANY failed for ACP_SB_TLC: 
Fatal errors while parsing TLA+ spec in file /var/folders/nj/rhyfrhln2x76xrg36l6zy0680000gn/T/tmpz2bc4pgc/ACP_SB_TLC.tla

In module ACP_SB_TLC

Cannot find source file for module ACP_SB imported in m
2026-04-27 00:44:52,526 WARNING ast_extractor: spec=6 (ACP_SB_TLC): extraction failed
2026-04-27 00:44:52,806 WARNING ast_extractor: SANY failed for AllocatorImplementation: 
Fatal errors while parsing TLA+ spec in file /var/folders/nj/rhyfrhln2x76xrg36l6zy0680000gn/T/tmp88lsm9x5/AllocatorImplementation.tla

In module AllocatorImplementation

Cannot find source file for m
2026-04-27 00:44:52,820 WARNING ast_extractor: spec=7 (AllocatorImplementation): extraction failed
2026-04-27 00:44:53,061 WARNING ast_extractor: SANY failed for AllocatorRefinement: 
Fatal errors while parsing TLA+ spec in file /var/folders/nj/rhyfrhln2x76xrg36l6zy0680000gn/T/tmphunv_4k4/AllocatorRefinement.tla

In module AllocatorRefinement

Cannot find source file for module Sc
2026-04-27 00:44:53,075 WARNING ast_extractor: spec=8 (AllocatorRefinement): extraction failed
2026-04-27 00:44:54,347 WARNING ast_extractor: SANY failed for Bakery: 
Fatal errors while parsing TLA+ spec in file /var/folders/nj/rhyfrhln2x76xrg36l6zy0680000gn/T/tmpdy2ljbyv/Bakery.tla

In module Bakery

Cannot find source file for module TLAPS imported in module Bak
2026-04-27 00:44:54,362 WARNING ast_extractor: spec=11 (Bakery): extraction failed
2026-04-27 00:44:54,676 WARNING ast_extractor: SANY failed for Boulanger: 
Fatal errors while parsing TLA+ spec in file /var/folders/nj/rhyfrhln2x76xrg36l6zy0680000gn/T/tmp5k4bv7ln/Boulanger.tla

In module Boulanger

Cannot find source file for module TLAPS imported in modu
2026-04-27 00:44:54,690 WARNING ast_extractor: spec=12 (Boulanger): extraction failed
2026-04-27 00:44:54,927 WARNING ast_extractor: SANY failed for MCBakery: 
Fatal errors while parsing TLA+ spec in file /var/folders/nj/rhyfrhln2x76xrg36l6zy0680000gn/T/tmpv04yxaht/MCBakery.tla

In module MCBakery

Cannot find source file for module Bakery imported in modul
2026-04-27 00:44:54,941 WARNING ast_extractor: spec=13 (MCBakery): extraction failed
2026-04-27 00:44:55,181 WARNING ast_extractor: SANY failed for MCBoulanger: 
Fatal errors while parsing TLA+ spec in file /var/folders/nj/rhyfrhln2x76xrg36l6zy0680000gn/T/tmp5lmhx87l/MCBoulanger.tla

In module MCBoulanger

Cannot find source file for module Boulanger imported
2026-04-27 00:44:55,195 WARNING ast_extractor: spec=14 (MCBoulanger): extraction failed
2026-04-27 00:44:55,539 WARNING ast_extractor: SANY failed for bcastByz: 
Fatal errors while parsing TLA+ spec in file /var/folders/nj/rhyfrhln2x76xrg36l6zy0680000gn/T/tmp4sb6mmg3/bcastByz.tla

In module bcastByz

Cannot find source file for module Functions imported in mo
2026-04-27 00:44:55,552 WARNING ast_extractor: spec=15 (bcastByz): extraction failed
2026-04-27 00:44:56,709 WARNING ast_extractor: SANY failed for 18: 
Fatal errors while parsing TLA+ spec in file /var/folders/nj/rhyfrhln2x76xrg36l6zy0680000gn/T/tmprgcf_00s/18.tla

Unknown location

File name '18' does not match the name 'BufferedRandomAccessFile' o
2026-04-27 00:44:56,721 WARNING ast_extractor: spec=18 (18): extraction failed
2026-04-27 00:44:56,998 WARNING ast_extractor: SANY failed for VoucherCancel: 
Fatal errors while parsing TLA+ spec in file /var/folders/nj/rhyfrhln2x76xrg36l6zy0680000gn/T/tmp3k49sboj/VoucherCancel.tla

In module VoucherCancel

Cannot find source file for module VoucherLifeCyc
2026-04-27 00:44:57,011 WARNING ast_extractor: spec=19 (VoucherCancel): extraction failed
2026-04-27 00:44:57,289 WARNING ast_extractor: SANY failed for VoucherIssue: 
Fatal errors while parsing TLA+ spec in file /var/folders/nj/rhyfrhln2x76xrg36l6zy0680000gn/T/tmpst743z24/VoucherIssue.tla

In module VoucherIssue

Cannot find source file for module VoucherLifeCycle
2026-04-27 00:44:57,303 WARNING ast_extractor: spec=20 (VoucherIssue): extraction failed
2026-04-27 00:44:57,968 WARNING ast_extractor: SANY failed for VoucherRedeem: 
Fatal errors while parsing TLA+ spec in file /var/folders/nj/rhyfrhln2x76xrg36l6zy0680000gn/T/tmp5yrknwhi/VoucherRedeem.tla

In module VoucherRedeem

Cannot find source file for module VoucherLifeCyc
2026-04-27 00:44:57,982 WARNING ast_extractor: spec=22 (VoucherRedeem): extraction failed
2026-04-27 00:44:58,255 WARNING ast_extractor: SANY failed for VoucherTransfer: 
Fatal errors while parsing TLA+ spec in file /var/folders/nj/rhyfrhln2x76xrg36l6zy0680000gn/T/tmp0r_t0yiz/VoucherTransfer.tla

In module VoucherTransfer

Cannot find source file for module VoucherLif
2026-04-27 00:44:58,269 WARNING ast_extractor: spec=23 (VoucherTransfer): extraction failed
2026-04-27 00:44:58,674 WARNING ast_extractor: SANY failed for BPConProof: 
Fatal errors while parsing TLA+ spec in file /var/folders/nj/rhyfrhln2x76xrg36l6zy0680000gn/T/tmpyag_6i0b/BPConProof.tla

In module BPConProof

Cannot find source file for module FiniteSetTheorems im
2026-04-27 00:44:58,688 WARNING ast_extractor: spec=24 (BPConProof): extraction failed
2026-04-27 00:44:58,948 WARNING ast_extractor: SANY failed for Consensus: 
Fatal errors while parsing TLA+ spec in file /var/folders/nj/rhyfrhln2x76xrg36l6zy0680000gn/T/tmpuirq_r0f/Consensus.tla

In module Consensus

Cannot find source file for module TLAPS imported in modu
2026-04-27 00:44:58,962 WARNING ast_extractor: spec=25 (Consensus): extraction failed
2026-04-27 00:44:59,254 WARNING ast_extractor: SANY failed for PConProof: 
Fatal errors while parsing TLA+ spec in file /var/folders/nj/rhyfrhln2x76xrg36l6zy0680000gn/T/tmph0pqu1e0/PConProof.tla

In module PConProof

Cannot find source file for module TLAPS imported in modu
2026-04-27 00:44:59,268 WARNING ast_extractor: spec=26 (PConProof): extraction failed
2026-04-27 00:44:59,617 WARNING ast_extractor: SANY failed for VoteProof: 
Fatal errors while parsing TLA+ spec in file /var/folders/nj/rhyfrhln2x76xrg36l6zy0680000gn/T/tmptzi1__ji/VoteProof.tla

In module VoteProof

Cannot find source file for module NaturalsInduction impo
2026-04-27 00:44:59,631 WARNING ast_extractor: spec=27 (VoteProof): extraction failed
2026-04-27 00:45:02,603 WARNING ast_extractor: SANY failed for MCChangRoberts: 
Fatal errors while parsing TLA+ spec in file /var/folders/nj/rhyfrhln2x76xrg36l6zy0680000gn/T/tmpsnndytr0/MCChangRoberts.tla

In module MCChangRoberts

Cannot find source file for module ChangRoberts
2026-04-27 00:45:02,617 WARNING ast_extractor: spec=34 (MCChangRoberts): extraction failed
2026-04-27 00:45:03,411 WARNING ast_extractor: SANY failed for MCCheckpointCoordination: 
Fatal errors while parsing TLA+ spec in file /var/folders/nj/rhyfrhln2x76xrg36l6zy0680000gn/T/tmpyzggretl/MCCheckpointCoordination.tla

In module MCCheckpointCoordination

Cannot find source file for
2026-04-27 00:45:03,425 WARNING ast_extractor: spec=36 (MCCheckpointCoordination): extraction failed
2026-04-27 00:45:05,017 WARNING ast_extractor: SANY failed for EnvironmentController: 
Fatal errors while parsing TLA+ spec in file /var/folders/nj/rhyfrhln2x76xrg36l6zy0680000gn/T/tmpcuw4q6tm/EnvironmentController.tla

In module EnvironmentController

Cannot find source file for modul
2026-04-27 00:45:05,032 WARNING ast_extractor: spec=40 (EnvironmentController): extraction failed
2026-04-27 00:45:06,334 INFO ast_extractor: progress: 20/206 (10%)
2026-04-27 00:45:06,572 WARNING ast_extractor: SANY failed for MCDieHarder: 
Fatal errors while parsing TLA+ spec in file /var/folders/nj/rhyfrhln2x76xrg36l6zy0680000gn/T/tmpgtsa7hwc/MCDieHarder.tla

In module MCDieHarder

Cannot find source file for module DieHarder imported
2026-04-27 00:45:06,586 WARNING ast_extractor: spec=44 (MCDieHarder): extraction failed
2026-04-27 00:45:07,825 WARNING ast_extractor: SANY failed for DiskSynod: 
Fatal errors while parsing TLA+ spec in file /var/folders/nj/rhyfrhln2x76xrg36l6zy0680000gn/T/tmpwemma9oi/DiskSynod.tla

In module DiskSynod

Cannot find source file for module Synod imported in modu
2026-04-27 00:45:07,843 WARNING ast_extractor: spec=47 (DiskSynod): extraction failed
2026-04-27 00:45:08,113 WARNING ast_extractor: SANY failed for HDiskSynod: 
Fatal errors while parsing TLA+ spec in file /var/folders/nj/rhyfrhln2x76xrg36l6zy0680000gn/T/tmppsqo0m6g/HDiskSynod.tla

In module HDiskSynod

Cannot find source file for module DiskSynod imported i
2026-04-27 00:45:08,129 WARNING ast_extractor: spec=48 (HDiskSynod): extraction failed
2026-04-27 00:45:08,378 WARNING ast_extractor: SANY failed for MC_HDiskSynod: 
Fatal errors while parsing TLA+ spec in file /var/folders/nj/rhyfrhln2x76xrg36l6zy0680000gn/T/tmpyfzfgv40/MC_HDiskSynod.tla

In module MC_HDiskSynod

Cannot find source file for module HDiskSynod imp
2026-04-27 00:45:08,392 WARNING ast_extractor: spec=49 (MC_HDiskSynod): extraction failed
2026-04-27 00:45:08,636 WARNING ast_extractor: SANY failed for 50: 
Fatal errors while parsing TLA+ spec in file /var/folders/nj/rhyfrhln2x76xrg36l6zy0680000gn/T/tmps73a48vl/50.tla

Unknown location

File name '50' does not match the name 'Synod' of the top level mod
2026-04-27 00:45:08,648 WARNING ast_extractor: spec=50 (50): extraction failed
2026-04-27 00:45:08,938 WARNING ast_extractor: SANY failed for Disruptor_MPMC: 
Fatal errors while parsing TLA+ spec in file /var/folders/nj/rhyfrhln2x76xrg36l6zy0680000gn/T/tmpux6epqa_/Disruptor_MPMC.tla

In module Disruptor_MPMC

Cannot find source file for module RingBuffer i
2026-04-27 00:45:08,952 WARNING ast_extractor: spec=51 (Disruptor_MPMC): extraction failed
2026-04-27 00:45:09,230 WARNING ast_extractor: SANY failed for Disruptor_SPMC: 
Fatal errors while parsing TLA+ spec in file /var/folders/nj/rhyfrhln2x76xrg36l6zy0680000gn/T/tmpl2as7_mv/Disruptor_SPMC.tla

In module Disruptor_SPMC

Cannot find source file for module RingBuffer i
2026-04-27 00:45:09,243 WARNING ast_extractor: spec=52 (Disruptor_SPMC): extraction failed
2026-04-27 00:45:09,945 WARNING ast_extractor: SANY failed for Echo: 
Fatal errors while parsing TLA+ spec in file /var/folders/nj/rhyfrhln2x76xrg36l6zy0680000gn/T/tmph2qpacof/Echo.tla

In module Echo

Cannot find source file for module Relation imported in module Echo
2026-04-27 00:45:09,959 WARNING ast_extractor: spec=54 (Echo): extraction failed
2026-04-27 00:45:10,252 WARNING ast_extractor: SANY failed for MCEcho: 
Fatal errors while parsing TLA+ spec in file /var/folders/nj/rhyfrhln2x76xrg36l6zy0680000gn/T/tmp7b4i8qut/MCEcho.tla

In module MCEcho

Cannot find source file for module Echo imported in module MCEc
2026-04-27 00:45:10,266 WARNING ast_extractor: spec=55 (MCEcho): extraction failed
2026-04-27 00:45:10,966 WARNING ast_extractor: SANY failed for Einstein: 
Fatal errors while parsing TLA+ spec in file /var/folders/nj/rhyfrhln2x76xrg36l6zy0680000gn/T/tmpp9i6t6se/Einstein.tla

In module Einstein

Cannot find source file for module Apalache imported in mod
2026-04-27 00:45:10,980 WARNING ast_extractor: spec=57 (Einstein): extraction failed
2026-04-27 00:45:11,225 WARNING ast_extractor: SANY failed for SimTokenRing: 
Fatal errors while parsing TLA+ spec in file /var/folders/nj/rhyfrhln2x76xrg36l6zy0680000gn/T/tmpuyjccmo9/SimTokenRing.tla

In module SimTokenRing

Cannot find source file for module TokenRing import
2026-04-27 00:45:11,240 WARNING ast_extractor: spec=58 (SimTokenRing): extraction failed
2026-04-27 00:45:11,933 WARNING ast_extractor: SANY failed for EWD687a_anim: 
Fatal errors while parsing TLA+ spec in file /var/folders/nj/rhyfrhln2x76xrg36l6zy0680000gn/T/tmpb011g3kh/EWD687a_anim.tla

In module EWD687a_anim

Cannot find source file for module EWD687a imported
2026-04-27 00:45:11,947 WARNING ast_extractor: spec=60 (EWD687a_anim): extraction failed
2026-04-27 00:45:12,230 WARNING ast_extractor: SANY failed for EWD687a: 
Fatal errors while parsing TLA+ spec in file /var/folders/nj/rhyfrhln2x76xrg36l6zy0680000gn/T/tmpcfoof3b8/EWD687a.tla

In module EWD687a

Cannot find source file for module Graphs imported in module 
2026-04-27 00:45:12,244 WARNING ast_extractor: spec=61 (EWD687a): extraction failed
2026-04-27 00:45:12,963 WARNING ast_extractor: SANY failed for MCEWD687a: 
Fatal errors while parsing TLA+ spec in file /var/folders/nj/rhyfrhln2x76xrg36l6zy0680000gn/T/tmpsctd08os/MCEWD687a.tla

In module MCEWD687a

Cannot find source file for module EWD687a imported in mo
2026-04-27 00:45:12,978 WARNING ast_extractor: spec=63 (MCEWD687a): extraction failed
2026-04-27 00:45:13,250 WARNING ast_extractor: SANY failed for EWD840_anim: 
Fatal errors while parsing TLA+ spec in file /var/folders/nj/rhyfrhln2x76xrg36l6zy0680000gn/T/tmpev1b8grr/EWD840_anim.tla

In module EWD840_anim

Cannot find source file for module EWD840 imported in
2026-04-27 00:45:13,264 WARNING ast_extractor: spec=64 (EWD840_anim): extraction failed
2026-04-27 00:45:13,528 WARNING ast_extractor: SANY failed for EWD840: 
Fatal errors while parsing TLA+ spec in file /var/folders/nj/rhyfrhln2x76xrg36l6zy0680000gn/T/tmp5gencgmh/EWD840.tla

In module EWD840

Cannot find source file for module SyncTerminationDetection imp
2026-04-27 00:45:13,542 WARNING ast_extractor: spec=65 (EWD840): extraction failed
2026-04-27 00:45:13,784 WARNING ast_extractor: SANY failed for EWD840_json: 
Fatal errors while parsing TLA+ spec in file /var/folders/nj/rhyfrhln2x76xrg36l6zy0680000gn/T/tmpxqaopqe8/EWD840_json.tla

In module EWD840_json

Cannot find source file for module EWD840 imported in
2026-04-27 00:45:13,799 WARNING ast_extractor: spec=66 (EWD840_json): extraction failed
2026-04-27 00:45:14,053 WARNING ast_extractor: SANY failed for EWD840_proof: 
Fatal errors while parsing TLA+ spec in file /var/folders/nj/rhyfrhln2x76xrg36l6zy0680000gn/T/tmpq_jamuwj/EWD840_proof.tla

In module EWD840_proof

Cannot find source file for module EWD840 imported 
2026-04-27 00:45:14,067 WARNING ast_extractor: spec=67 (EWD840_proof): extraction failed
2026-04-27 00:45:15,572 WARNING ast_extractor: SANY failed for AsyncTerminationDetection_proof: 
Fatal errors while parsing TLA+ spec in file /var/folders/nj/rhyfrhln2x76xrg36l6zy0680000gn/T/tmprsz1gy9y/AsyncTerminationDetection_proof.tla

In module AsyncTerminationDetection_proof

Cannot find s
2026-04-27 00:45:15,586 WARNING ast_extractor: spec=71 (AsyncTerminationDetection_proof): extraction failed
2026-04-27 00:45:15,887 WARNING ast_extractor: SANY failed for EWD998_anim: 
Fatal errors while parsing TLA+ spec in file /var/folders/nj/rhyfrhln2x76xrg36l6zy0680000gn/T/tmpz49j75gz/EWD998_anim.tla

In module EWD998_anim

Cannot find source file for module EWD998ChanID impor
2026-04-27 00:45:15,901 WARNING ast_extractor: spec=72 (EWD998_anim): extraction failed
2026-04-27 00:45:16,177 WARNING ast_extractor: SANY failed for EWD998Chan: 
Fatal errors while parsing TLA+ spec in file /var/folders/nj/rhyfrhln2x76xrg36l6zy0680000gn/T/tmp80_f23mw/EWD998Chan.tla

In module EWD998Chan

Cannot find source file for module Utils imported in mo
2026-04-27 00:45:16,191 WARNING ast_extractor: spec=73 (EWD998Chan): extraction failed
2026-04-27 00:45:16,476 WARNING ast_extractor: SANY failed for EWD998ChanID: 
Fatal errors while parsing TLA+ spec in file /var/folders/nj/rhyfrhln2x76xrg36l6zy0680000gn/T/tmp4lo_oaag/EWD998ChanID.tla

In module EWD998ChanID

Cannot find source file for module Utils imported i
2026-04-27 00:45:16,491 WARNING ast_extractor: spec=74 (EWD998ChanID): extraction failed
2026-04-27 00:45:16,736 WARNING ast_extractor: SANY failed for EWD998ChanID_export: 
Fatal errors while parsing TLA+ spec in file /var/folders/nj/rhyfrhln2x76xrg36l6zy0680000gn/T/tmpg1_ajz31/EWD998ChanID_export.tla

In module EWD998ChanID_export

Cannot find source file for module EW
2026-04-27 00:45:16,750 WARNING ast_extractor: spec=75 (EWD998ChanID_export): extraction failed
2026-04-27 00:45:17,000 WARNING ast_extractor: SANY failed for EWD998ChanID_shiviz: 
Fatal errors while parsing TLA+ spec in file /var/folders/nj/rhyfrhln2x76xrg36l6zy0680000gn/T/tmpjvhiusbg/EWD998ChanID_shiviz.tla

In module EWD998ChanID_shiviz

Cannot find source file for module EW
2026-04-27 00:45:17,014 WARNING ast_extractor: spec=76 (EWD998ChanID_shiviz): extraction failed
2026-04-27 00:45:17,278 WARNING ast_extractor: SANY failed for EWD998Chan_opts: 
Fatal errors while parsing TLA+ spec in file /var/folders/nj/rhyfrhln2x76xrg36l6zy0680000gn/T/tmprkrezksk/EWD998Chan_opts.tla

In module EWD998Chan_opts

Cannot find source file for module EWD998Chan
2026-04-27 00:45:17,293 WARNING ast_extractor: spec=77 (EWD998Chan_opts): extraction failed
2026-04-27 00:45:17,583 WARNING ast_extractor: SANY failed for EWD998ChanTrace: 
Fatal errors while parsing TLA+ spec in file /var/folders/nj/rhyfrhln2x76xrg36l6zy0680000gn/T/tmp7njc88or/EWD998ChanTrace.tla

In module EWD998ChanTrace

Cannot find source file for module EWD998Chan
2026-04-27 00:45:17,600 WARNING ast_extractor: spec=78 (EWD998ChanTrace): extraction failed
2026-04-27 00:45:17,889 WARNING ast_extractor: SANY failed for EWD998: 
Fatal errors while parsing TLA+ spec in file /var/folders/nj/rhyfrhln2x76xrg36l6zy0680000gn/T/tmpa45ma0cj/EWD998.tla

In module EWD998

Cannot find source file for module Functions imported in module
2026-04-27 00:45:17,905 WARNING ast_extractor: spec=79 (EWD998): extraction failed
2026-04-27 00:45:18,203 WARNING ast_extractor: SANY failed for EWD998_opts: 
Fatal errors while parsing TLA+ spec in file /var/folders/nj/rhyfrhln2x76xrg36l6zy0680000gn/T/tmpt5ffysgp/EWD998_opts.tla

In module EWD998_opts

Cannot find source file for module EWD998 imported in
2026-04-27 00:45:18,218 WARNING ast_extractor: spec=80 (EWD998_opts): extraction failed
2026-04-27 00:45:18,519 WARNING ast_extractor: SANY failed for EWD998_optsSC: 
Fatal errors while parsing TLA+ spec in file /var/folders/nj/rhyfrhln2x76xrg36l6zy0680000gn/T/tmpnwy_2i85/EWD998_optsSC.tla

In module EWD998_optsSC

Cannot find source file for module IOUtils import
2026-04-27 00:45:18,537 WARNING ast_extractor: spec=81 (EWD998_optsSC): extraction failed
2026-04-27 00:45:18,823 WARNING ast_extractor: SANY failed for EWD998PCal: 
Fatal errors while parsing TLA+ spec in file /var/folders/nj/rhyfrhln2x76xrg36l6zy0680000gn/T/tmphaei5ppm/EWD998PCal.tla

In module EWD998PCal

Cannot find source file for module BagsExt imported in 
2026-04-27 00:45:18,837 WARNING ast_extractor: spec=82 (EWD998PCal): extraction failed
2026-04-27 00:45:19,182 WARNING ast_extractor: SANY failed for EWD998_proof: 
Fatal errors while parsing TLA+ spec in file /var/folders/nj/rhyfrhln2x76xrg36l6zy0680000gn/T/tmpd0_2pwv1/EWD998_proof.tla

In module EWD998_proof

Cannot find source file for module EWD998 imported 
2026-04-27 00:45:19,196 WARNING ast_extractor: spec=83 (EWD998_proof): extraction failed
2026-04-27 00:45:19,447 WARNING ast_extractor: SANY failed for SmokeEWD998: 
Fatal errors while parsing TLA+ spec in file /var/folders/nj/rhyfrhln2x76xrg36l6zy0680000gn/T/tmpueei_oft/SmokeEWD998.tla

In module SmokeEWD998

Cannot find source file for module EWD998 imported in
2026-04-27 00:45:19,461 WARNING ast_extractor: spec=84 (SmokeEWD998): extraction failed
2026-04-27 00:45:19,749 WARNING ast_extractor: SANY failed for SmokeEWD998_SC: 
Fatal errors while parsing TLA+ spec in file /var/folders/nj/rhyfrhln2x76xrg36l6zy0680000gn/T/tmplp6auq1p/SmokeEWD998_SC.tla

In module SmokeEWD998_SC

Cannot find source file for module IOUtils impo
2026-04-27 00:45:19,768 WARNING ast_extractor: spec=85 (SmokeEWD998_SC): extraction failed
2026-04-27 00:45:20,522 WARNING ast_extractor: SANY failed for Utils: 
Fatal errors while parsing TLA+ spec in file /var/folders/nj/rhyfrhln2x76xrg36l6zy0680000gn/T/tmp0srxv5or/Utils.tla

In module Utils

Cannot find source file for module Functions imported in module U
2026-04-27 00:45:20,537 WARNING ast_extractor: spec=87 (Utils): extraction failed
2026-04-27 00:45:21,245 WARNING ast_extractor: SANY failed for CRDT_proof: 
Fatal errors while parsing TLA+ spec in file /var/folders/nj/rhyfrhln2x76xrg36l6zy0680000gn/T/tmpxju_p2iz/CRDT_proof.tla

In module CRDT_proof

Cannot find source file for module CRDT imported in mod
2026-04-27 00:45:21,259 WARNING ast_extractor: spec=89 (CRDT_proof): extraction failed
2026-04-27 00:45:21,519 WARNING ast_extractor: SANY failed for DistributedReplicatedLog: 
Fatal errors while parsing TLA+ spec in file /var/folders/nj/rhyfrhln2x76xrg36l6zy0680000gn/T/tmpot1p0x6k/DistributedReplicatedLog.tla

In module DistributedReplicatedLog

Cannot find source file for
2026-04-27 00:45:21,534 WARNING ast_extractor: spec=90 (DistributedReplicatedLog): extraction failed
2026-04-27 00:45:21,780 WARNING ast_extractor: SANY failed for MCCRDT: 
Fatal errors while parsing TLA+ spec in file /var/folders/nj/rhyfrhln2x76xrg36l6zy0680000gn/T/tmpumk51ki_/MCCRDT.tla

In module MCCRDT

Cannot find source file for module CRDT imported in module MCCR
2026-04-27 00:45:21,794 WARNING ast_extractor: spec=91 (MCCRDT): extraction failed
2026-04-27 00:45:22,041 WARNING ast_extractor: SANY failed for MCDistributedReplicatedLog: 
Fatal errors while parsing TLA+ spec in file /var/folders/nj/rhyfrhln2x76xrg36l6zy0680000gn/T/tmpuvw1zhzp/MCDistributedReplicatedLog.tla

In module MCDistributedReplicatedLog

Cannot find source file
2026-04-27 00:45:22,055 WARNING ast_extractor: spec=92 (MCDistributedReplicatedLog): extraction failed
2026-04-27 00:45:22,302 WARNING ast_extractor: SANY failed for MCReplicatedLog: 
Fatal errors while parsing TLA+ spec in file /var/folders/nj/rhyfrhln2x76xrg36l6zy0680000gn/T/tmp8ob2a3jt/MCReplicatedLog.tla

In module MCReplicatedLog

Cannot find source file for module Replicated
2026-04-27 00:45:22,316 WARNING ast_extractor: spec=93 (MCReplicatedLog): extraction failed
2026-04-27 00:45:24,278 WARNING ast_extractor: SANY failed for product: 
Fatal errors while parsing TLA+ spec in file /var/folders/nj/rhyfrhln2x76xrg36l6zy0680000gn/T/tmpa0p0smln/product.tla

In module product

Cannot find source file for module stages imported in module 
2026-04-27 00:45:24,293 WARNING ast_extractor: spec=98 (product): extraction failed
2026-04-27 00:45:24,564 WARNING ast_extractor: SANY failed for stages: 
Fatal errors while parsing TLA+ spec in file /var/folders/nj/rhyfrhln2x76xrg36l6zy0680000gn/T/tmpz9omfqfp/stages.tla

In module stages

Cannot find source file for module clean imported in module sta
2026-04-27 00:45:24,578 WARNING ast_extractor: spec=99 (stages): extraction failed
2026-04-27 00:45:24,847 WARNING ast_extractor: SANY failed for Huang: 
Fatal errors while parsing TLA+ spec in file /var/folders/nj/rhyfrhln2x76xrg36l6zy0680000gn/T/tmpiyouoiru/Huang.tla

In module Huang

Cannot find source file for module DyadicRationals imported in mo
2026-04-27 00:45:24,861 WARNING ast_extractor: spec=100 (Huang): extraction failed
2026-04-27 00:45:25,138 WARNING ast_extractor: SANY failed for ClientCentric: 
Fatal errors while parsing TLA+ spec in file /var/folders/nj/rhyfrhln2x76xrg36l6zy0680000gn/T/tmpefbcmv4h/ClientCentric.tla

In module ClientCentric

Cannot find source file for module Util imported 
2026-04-27 00:45:25,151 WARNING ast_extractor: spec=101 (ClientCentric): extraction failed
2026-04-27 00:45:25,840 WARNING ast_extractor: SANY failed for KVsnap: 
Fatal errors while parsing TLA+ spec in file /var/folders/nj/rhyfrhln2x76xrg36l6zy0680000gn/T/tmp63otp30i/KVsnap.tla

In module KVsnap

Cannot find source file for module Util imported in module KVsn
2026-04-27 00:45:25,856 WARNING ast_extractor: spec=103 (KVsnap): extraction failed
2026-04-27 00:45:26,089 WARNING ast_extractor: SANY failed for MCKVS: 
Fatal errors while parsing TLA+ spec in file /var/folders/nj/rhyfrhln2x76xrg36l6zy0680000gn/T/tmpz828qer9/MCKVS.tla

In module MCKVS

Cannot find source file for module KeyValueStore imported in modu
2026-04-27 00:45:26,103 WARNING ast_extractor: spec=104 (MCKVS): extraction failed
2026-04-27 00:45:26,815 WARNING ast_extractor: SANY failed for Util: 
Fatal errors while parsing TLA+ spec in file /var/folders/nj/rhyfrhln2x76xrg36l6zy0680000gn/T/tmpw9yw56bu/Util.tla

In module Util

Cannot find source file for module Functions imported in module Uti
2026-04-27 00:45:26,834 WARNING ast_extractor: spec=106 (Util): extraction failed
2026-04-27 00:45:27,170 WARNING ast_extractor: SANY failed for KnuthYao: 
Fatal errors while parsing TLA+ spec in file /var/folders/nj/rhyfrhln2x76xrg36l6zy0680000gn/T/tmpmfnzoo7q/KnuthYao.tla

In module KnuthYao

Cannot find source file for module DyadicRationals imported
2026-04-27 00:45:27,185 WARNING ast_extractor: spec=107 (KnuthYao): extraction failed
2026-04-27 00:45:27,918 WARNING ast_extractor: SANY failed for SimKnuthYao: 
Fatal errors while parsing TLA+ spec in file /var/folders/nj/rhyfrhln2x76xrg36l6zy0680000gn/T/tmp0cijlty4/SimKnuthYao.tla

In module SimKnuthYao

Cannot find source file for module KnuthYao imported 
2026-04-27 00:45:27,934 WARNING ast_extractor: spec=109 (SimKnuthYao): extraction failed
2026-04-27 00:45:28,960 INFO ast_extractor: progress: 40/206 (19%)
2026-04-27 00:45:29,380 WARNING ast_extractor: SANY failed for LamportMutex_proofs: 
Fatal errors while parsing TLA+ spec in file /var/folders/nj/rhyfrhln2x76xrg36l6zy0680000gn/T/tmpo15g1xfr/LamportMutex_proofs.tla

In module LamportMutex_proofs

Cannot find source file for module La
2026-04-27 00:45:29,395 WARNING ast_extractor: spec=112 (LamportMutex_proofs): extraction failed
2026-04-27 00:45:29,656 WARNING ast_extractor: SANY failed for MCLamportMutex: 
Fatal errors while parsing TLA+ spec in file /var/folders/nj/rhyfrhln2x76xrg36l6zy0680000gn/T/tmpfl5oe2qu/MCLamportMutex.tla

In module MCLamportMutex

Cannot find source file for module LamportMutex
2026-04-27 00:45:29,671 WARNING ast_extractor: spec=113 (MCLamportMutex): extraction failed
2026-04-27 00:45:29,978 WARNING ast_extractor: SANY failed for NaturalsInduction: 
Fatal errors while parsing TLA+ spec in file /var/folders/nj/rhyfrhln2x76xrg36l6zy0680000gn/T/tmp56aq3i30/NaturalsInduction.tla

In module NaturalsInduction

Cannot find source file for module TLAPS 
2026-04-27 00:45:29,994 WARNING ast_extractor: spec=114 (NaturalsInduction): extraction failed
2026-04-27 00:45:30,417 WARNING ast_extractor: SANY failed for SequenceTheorems: 
Fatal errors while parsing TLA+ spec in file /var/folders/nj/rhyfrhln2x76xrg36l6zy0680000gn/T/tmpowj4259t/SequenceTheorems.tla

In module SequenceTheorems

Cannot find source file for module WellFoun
2026-04-27 00:45:30,432 WARNING ast_extractor: spec=115 (SequenceTheorems): extraction failed
2026-04-27 00:45:31,231 WARNING ast_extractor: SANY failed for WellFoundedInduction: 
Fatal errors while parsing TLA+ spec in file /var/folders/nj/rhyfrhln2x76xrg36l6zy0680000gn/T/tmps8vfi6gt/WellFoundedInduction.tla

In module WellFoundedInduction

Cannot find source file for module 
2026-04-27 00:45:31,249 WARNING ast_extractor: spec=117 (WellFoundedInduction): extraction failed
2026-04-27 00:45:31,568 WARNING ast_extractor: SANY failed for AddTwo: 
Fatal errors while parsing TLA+ spec in file /var/folders/nj/rhyfrhln2x76xrg36l6zy0680000gn/T/tmpdmfds6ix/AddTwo.tla

In module AddTwo

Cannot find source file for module TLAPS imported in module Add
2026-04-27 00:45:31,586 WARNING ast_extractor: spec=118 (AddTwo): extraction failed
2026-04-27 00:45:31,962 WARNING ast_extractor: SANY failed for FindHighest: 
Fatal errors while parsing TLA+ spec in file /var/folders/nj/rhyfrhln2x76xrg36l6zy0680000gn/T/tmpi9tspkma/FindHighest.tla

In module FindHighest

Cannot find source file for module TLAPS imported in 
2026-04-27 00:45:31,979 WARNING ast_extractor: spec=119 (FindHighest): extraction failed
2026-04-27 00:45:31,979 WARNING ast_extractor: spec=120: .tla file not found, skipping
2026-04-27 00:45:32,289 WARNING ast_extractor: SANY failed for LeastCircularSubstring: 
Fatal errors while parsing TLA+ spec in file /var/folders/nj/rhyfrhln2x76xrg36l6zy0680000gn/T/tmp46gwhig5/LeastCircularSubstring.tla

In module LeastCircularSubstring

Cannot find source file for mod
2026-04-27 00:45:32,302 WARNING ast_extractor: spec=121 (LeastCircularSubstring): extraction failed
2026-04-27 00:45:32,601 WARNING ast_extractor: SANY failed for MCLeastCircularSubstring: 
Fatal errors while parsing TLA+ spec in file /var/folders/nj/rhyfrhln2x76xrg36l6zy0680000gn/T/tmpleoz401z/MCLeastCircularSubstring.tla

In module MCLeastCircularSubstring

Cannot find source file for
2026-04-27 00:45:32,615 WARNING ast_extractor: spec=122 (MCLeastCircularSubstring): extraction failed
2026-04-27 00:45:34,000 WARNING ast_extractor: SANY failed for BinarySearch: 
Fatal errors while parsing TLA+ spec in file /var/folders/nj/rhyfrhln2x76xrg36l6zy0680000gn/T/tmp_uw3e964/BinarySearch.tla

In module BinarySearch

Cannot find source file for module TLAPS imported i
2026-04-27 00:45:34,017 WARNING ast_extractor: spec=125 (BinarySearch): extraction failed
2026-04-27 00:45:34,239 WARNING ast_extractor: SANY failed for MCBinarySearch: 
Fatal errors while parsing TLA+ spec in file /var/folders/nj/rhyfrhln2x76xrg36l6zy0680000gn/T/tmpejz7y1d6/MCBinarySearch.tla

In module MCBinarySearch

Cannot find source file for module BinarySearch
2026-04-27 00:45:34,253 WARNING ast_extractor: spec=126 (MCBinarySearch): extraction failed
2026-04-27 00:46:06,827 WARNING ast_extractor: SANY failed for MCQuicksort: 
Fatal errors while parsing TLA+ spec in file /var/folders/nj/rhyfrhln2x76xrg36l6zy0680000gn/T/tmp1ix_qcoi/MCQuicksort.tla

In module MCQuicksort

Cannot find source file for module Quicksort imported
2026-04-27 00:46:06,851 WARNING ast_extractor: spec=127 (MCQuicksort): extraction failed
2026-04-27 00:46:09,020 WARNING ast_extractor: SANY failed for Quicksort: 
Fatal errors while parsing TLA+ spec in file /var/folders/nj/rhyfrhln2x76xrg36l6zy0680000gn/T/tmp6d6pwry9/Quicksort.tla

In module Quicksort

Cannot find source file for module TLAPS imported in modu
2026-04-27 00:46:09,031 WARNING ast_extractor: spec=128 (Quicksort): extraction failed
2026-04-27 00:46:09,304 WARNING ast_extractor: SANY failed for SumSequence: 
Fatal errors while parsing TLA+ spec in file /var/folders/nj/rhyfrhln2x76xrg36l6zy0680000gn/T/tmpuav7ebh5/SumSequence.tla

In module SumSequence

Cannot find source file for module SequenceTheorems i
2026-04-27 00:46:09,317 WARNING ast_extractor: spec=129 (SumSequence): extraction failed
2026-04-27 00:46:10,082 WARNING ast_extractor: SANY failed for MajorityProof: 
Fatal errors while parsing TLA+ spec in file /var/folders/nj/rhyfrhln2x76xrg36l6zy0680000gn/T/tmp3sw_862n/MajorityProof.tla

In module MajorityProof

Cannot find source file for module Majority impor
2026-04-27 00:46:10,092 WARNING ast_extractor: spec=131 (MajorityProof): extraction failed
2026-04-27 00:46:10,272 WARNING ast_extractor: SANY failed for MCMajority: 
Fatal errors while parsing TLA+ spec in file /var/folders/nj/rhyfrhln2x76xrg36l6zy0680000gn/T/tmpytj2ncpn/MCMajority.tla

In module MCMajority

Cannot find source file for module Majority imported in
2026-04-27 00:46:10,282 WARNING ast_extractor: spec=132 (MCMajority): extraction failed
2026-04-27 00:46:10,450 WARNING ast_extractor: SANY failed for MCParReach: 
Fatal errors while parsing TLA+ spec in file /var/folders/nj/rhyfrhln2x76xrg36l6zy0680000gn/T/tmp2j_sro2h/MCParReach.tla

In module MCParReach

Cannot find source file for module ParReach imported in
2026-04-27 00:46:10,460 WARNING ast_extractor: spec=133 (MCParReach): extraction failed
2026-04-27 00:46:10,631 WARNING ast_extractor: SANY failed for MCReachabilityTest: 
Fatal errors while parsing TLA+ spec in file /var/folders/nj/rhyfrhln2x76xrg36l6zy0680000gn/T/tmplwyqtkq7/MCReachabilityTest.tla

In module MCReachabilityTest

Cannot find source file for module Reac
2026-04-27 00:46:10,640 WARNING ast_extractor: spec=134 (MCReachabilityTest): extraction failed
2026-04-27 00:46:10,878 WARNING ast_extractor: SANY failed for MCReachable: 
Fatal errors while parsing TLA+ spec in file /var/folders/nj/rhyfrhln2x76xrg36l6zy0680000gn/T/tmpx7x5ozgt/MCReachable.tla

In module MCReachable

Cannot find source file for module Reachable imported
2026-04-27 00:46:10,890 WARNING ast_extractor: spec=135 (MCReachable): extraction failed
2026-04-27 00:46:11,115 WARNING ast_extractor: SANY failed for ParReach: 
Fatal errors while parsing TLA+ spec in file /var/folders/nj/rhyfrhln2x76xrg36l6zy0680000gn/T/tmp66u82o5r/ParReach.tla

In module ParReach

Cannot find source file for module Reachability imported in
2026-04-27 00:46:11,127 WARNING ast_extractor: spec=136 (ParReach): extraction failed
2026-04-27 00:46:11,306 WARNING ast_extractor: SANY failed for ParReachProofs: 
Fatal errors while parsing TLA+ spec in file /var/folders/nj/rhyfrhln2x76xrg36l6zy0680000gn/T/tmp56sbqrj6/ParReachProofs.tla

In module ParReachProofs

Cannot find source file for module ParReach imp
2026-04-27 00:46:11,317 WARNING ast_extractor: spec=137 (ParReachProofs): extraction failed
2026-04-27 00:46:11,825 WARNING ast_extractor: SANY failed for ReachabilityProofs: 
Fatal errors while parsing TLA+ spec in file /var/folders/nj/rhyfrhln2x76xrg36l6zy0680000gn/T/tmpgvvhw94o/ReachabilityProofs.tla

In module ReachabilityProofs

Cannot find source file for module Reac
2026-04-27 00:46:11,834 WARNING ast_extractor: spec=139 (ReachabilityProofs): extraction failed
2026-04-27 00:46:12,029 WARNING ast_extractor: SANY failed for ReachabilityTest: 
Fatal errors while parsing TLA+ spec in file /var/folders/nj/rhyfrhln2x76xrg36l6zy0680000gn/T/tmpy02uratu/ReachabilityTest.tla

In module ReachabilityTest

Cannot find source file for module TLAPS im
2026-04-27 00:46:12,044 WARNING ast_extractor: spec=140 (ReachabilityTest): extraction failed
2026-04-27 00:46:12,544 WARNING ast_extractor: SANY failed for Reachable: 
Fatal errors while parsing TLA+ spec in file /var/folders/nj/rhyfrhln2x76xrg36l6zy0680000gn/T/tmpyx_h4d18/Reachable.tla

In module Reachable

Cannot find source file for module Reachability imported 
2026-04-27 00:46:12,566 WARNING ast_extractor: spec=141 (Reachable): extraction failed
2026-04-27 00:46:12,935 WARNING ast_extractor: SANY failed for ReachableProofs: 
Fatal errors while parsing TLA+ spec in file /var/folders/nj/rhyfrhln2x76xrg36l6zy0680000gn/T/tmpxc601m8q/ReachableProofs.tla

In module ReachableProofs

Cannot find source file for module Reachable 
2026-04-27 00:46:12,952 WARNING ast_extractor: spec=142 (ReachableProofs): extraction failed
2026-04-27 00:46:14,396 WARNING ast_extractor: SANY failed for MultiPaxos_MC: 
Fatal errors while parsing TLA+ spec in file /var/folders/nj/rhyfrhln2x76xrg36l6zy0680000gn/T/tmp_a6bkp_7/MultiPaxos_MC.tla

In module MultiPaxos_MC

Cannot find source file for module MultiPaxos imp
2026-04-27 00:46:14,409 WARNING ast_extractor: spec=146 (MultiPaxos_MC): extraction failed
2026-04-27 00:46:14,637 WARNING ast_extractor: SANY failed for MCNano: 
Fatal errors while parsing TLA+ spec in file /var/folders/nj/rhyfrhln2x76xrg36l6zy0680000gn/T/tmpky63ede_/MCNano.tla

In module MCNano

Cannot find source file for module Nano imported in module MCNa
2026-04-27 00:46:14,648 WARNING ast_extractor: spec=147 (MCNano): extraction failed
2026-04-27 00:46:16,737 WARNING ast_extractor: SANY failed for Consensus: 
Fatal errors while parsing TLA+ spec in file /var/folders/nj/rhyfrhln2x76xrg36l6zy0680000gn/T/tmpvprwouny/Consensus.tla

In module Consensus

Cannot find source file for module TLAPS imported in modu
2026-04-27 00:46:16,747 WARNING ast_extractor: spec=153 (Consensus): extraction failed
2026-04-27 00:46:16,990 WARNING ast_extractor: SANY failed for MCConsensus: 
Fatal errors while parsing TLA+ spec in file /var/folders/nj/rhyfrhln2x76xrg36l6zy0680000gn/T/tmp1yyzzwep/MCConsensus.tla

In module MCConsensus

Cannot find source file for module Consensus imported
2026-04-27 00:46:17,001 WARNING ast_extractor: spec=154 (MCConsensus): extraction failed
2026-04-27 00:46:17,207 WARNING ast_extractor: SANY failed for MCPaxos: 
Fatal errors while parsing TLA+ spec in file /var/folders/nj/rhyfrhln2x76xrg36l6zy0680000gn/T/tmpi0b96r05/MCPaxos.tla

In module MCPaxos

Cannot find source file for module Paxos imported in module M
2026-04-27 00:46:17,220 WARNING ast_extractor: spec=155 (MCPaxos): extraction failed
2026-04-27 00:46:17,423 WARNING ast_extractor: SANY failed for MCVoting: 
Fatal errors while parsing TLA+ spec in file /var/folders/nj/rhyfrhln2x76xrg36l6zy0680000gn/T/tmpgwvweiml/MCVoting.tla

In module MCVoting

Cannot find source file for module Voting imported in modul
2026-04-27 00:46:17,434 WARNING ast_extractor: spec=156 (MCVoting): extraction failed
2026-04-27 00:46:17,653 WARNING ast_extractor: SANY failed for Paxos: 
Fatal errors while parsing TLA+ spec in file /var/folders/nj/rhyfrhln2x76xrg36l6zy0680000gn/T/tmp88s9l43n/Paxos.tla

In module Paxos

Cannot find source file for module Voting imported in module Paxo
2026-04-27 00:46:17,664 WARNING ast_extractor: spec=157 (Paxos): extraction failed
2026-04-27 00:46:17,920 WARNING ast_extractor: SANY failed for Voting: 
Fatal errors while parsing TLA+ spec in file /var/folders/nj/rhyfrhln2x76xrg36l6zy0680000gn/T/tmpi9ly564f/Voting.tla

In module Voting

Cannot find source file for module TLAPS imported in module Vot
2026-04-27 00:46:17,932 WARNING ast_extractor: spec=158 (Voting): extraction failed
2026-04-27 00:46:18,181 WARNING ast_extractor: SANY failed for Consensus: 
Fatal errors while parsing TLA+ spec in file /var/folders/nj/rhyfrhln2x76xrg36l6zy0680000gn/T/tmp3mv9ihuj/Consensus.tla

In module Consensus

Cannot find source file for module TLAPS imported in modu
2026-04-27 00:46:18,195 WARNING ast_extractor: spec=159 (Consensus): extraction failed
2026-04-27 00:46:18,419 WARNING ast_extractor: SANY failed for MCConsensus: 
Fatal errors while parsing TLA+ spec in file /var/folders/nj/rhyfrhln2x76xrg36l6zy0680000gn/T/tmp5x_8wl0n/MCConsensus.tla

In module MCConsensus

Cannot find source file for module Consensus imported
2026-04-27 00:46:18,432 WARNING ast_extractor: spec=160 (MCConsensus): extraction failed
2026-04-27 00:46:18,650 WARNING ast_extractor: SANY failed for MCPaxos: 
Fatal errors while parsing TLA+ spec in file /var/folders/nj/rhyfrhln2x76xrg36l6zy0680000gn/T/tmpel6iy1bn/MCPaxos.tla

In module MCPaxos

Cannot find source file for module Paxos imported in module M
2026-04-27 00:46:18,663 WARNING ast_extractor: spec=161 (MCPaxos): extraction failed
2026-04-27 00:46:18,869 WARNING ast_extractor: SANY failed for MCVoting: 
Fatal errors while parsing TLA+ spec in file /var/folders/nj/rhyfrhln2x76xrg36l6zy0680000gn/T/tmphrlsbeoh/MCVoting.tla

In module MCVoting

Cannot find source file for module Voting imported in modul
2026-04-27 00:46:18,879 WARNING ast_extractor: spec=162 (MCVoting): extraction failed
2026-04-27 00:46:19,107 WARNING ast_extractor: SANY failed for Paxos: 
Fatal errors while parsing TLA+ spec in file /var/folders/nj/rhyfrhln2x76xrg36l6zy0680000gn/T/tmpskq8mt6w/Paxos.tla

In module Paxos

Cannot find source file for module Voting imported in module Paxo
2026-04-27 00:46:19,120 WARNING ast_extractor: spec=163 (Paxos): extraction failed
2026-04-27 00:46:19,357 WARNING ast_extractor: SANY failed for Voting: 
Fatal errors while parsing TLA+ spec in file /var/folders/nj/rhyfrhln2x76xrg36l6zy0680000gn/T/tmppaa6x0a7/Voting.tla

In module Voting

Cannot find source file for module TLAPS imported in module Vot
2026-04-27 00:46:19,368 WARNING ast_extractor: spec=164 (Voting): extraction failed
2026-04-27 00:46:19,572 WARNING ast_extractor: SANY failed for MCPrisoners: 
Fatal errors while parsing TLA+ spec in file /var/folders/nj/rhyfrhln2x76xrg36l6zy0680000gn/T/tmpkv4lbuz0/MCPrisoners.tla

In module MCPrisoners

Cannot find source file for module Prisoners imported
2026-04-27 00:46:19,584 WARNING ast_extractor: spec=165 (MCPrisoners): extraction failed
2026-04-27 00:46:20,271 WARNING ast_extractor: SANY failed for MC: 
Fatal errors while parsing TLA+ spec in file /var/folders/nj/rhyfrhln2x76xrg36l6zy0680000gn/T/tmps05eaht1/MC.tla

In module MC

Cannot find source file for module ReadersWriters imported in module MC
2026-04-27 00:46:20,289 WARNING ast_extractor: spec=167 (MC): extraction failed
2026-04-27 00:46:20,961 WARNING ast_extractor: SANY failed for FastPaxos: 
Fatal errors while parsing TLA+ spec in file /var/folders/nj/rhyfrhln2x76xrg36l6zy0680000gn/T/tmpbel69hp7/FastPaxos.tla

In module FastPaxos

Cannot find source file for module Paxos imported in modu
2026-04-27 00:46:20,973 WARNING ast_extractor: spec=169 (FastPaxos): extraction failed
2026-04-27 00:46:21,195 WARNING ast_extractor: SANY failed for Paxos: 
Fatal errors while parsing TLA+ spec in file /var/folders/nj/rhyfrhln2x76xrg36l6zy0680000gn/T/tmp0p11w40f/Paxos.tla

In module Paxos

Cannot find source file for module Voting imported in module Paxo
2026-04-27 00:46:21,206 WARNING ast_extractor: spec=170 (Paxos): extraction failed
2026-04-27 00:46:21,416 WARNING ast_extractor: SANY failed for MC: 
Fatal errors while parsing TLA+ spec in file /var/folders/nj/rhyfrhln2x76xrg36l6zy0680000gn/T/tmpdjpn9wb5/MC.tla

In module MC

Cannot find source file for module ReadersWriters imported in module MC
2026-04-27 00:46:21,428 WARNING ast_extractor: spec=171 (MC): extraction failed
2026-04-27 00:46:22,711 WARNING ast_extractor: SANY failed for MC_spanning: 
Fatal errors while parsing TLA+ spec in file /var/folders/nj/rhyfrhln2x76xrg36l6zy0680000gn/T/tmpk3vza2hg/MC_spanning.tla

In module MC_spanning

Cannot find source file for module spanning imported 
2026-04-27 00:46:22,723 WARNING ast_extractor: spec=175 (MC_spanning): extraction failed
2026-04-27 00:46:23,528 INFO ast_extractor: progress: 60/206 (29%)
2026-04-27 00:46:24,798 WARNING ast_extractor: SANY failed for MC_sums_even: 
Fatal errors while parsing TLA+ spec in file /var/folders/nj/rhyfrhln2x76xrg36l6zy0680000gn/T/tmp_tq_cbhb/MC_sums_even.tla

In module MC_sums_even

Cannot find source file for module sums_even import
2026-04-27 00:46:24,808 WARNING ast_extractor: spec=181 (MC_sums_even): extraction failed
2026-04-27 00:46:25,007 WARNING ast_extractor: SANY failed for sums_even: 
Fatal errors while parsing TLA+ spec in file /var/folders/nj/rhyfrhln2x76xrg36l6zy0680000gn/T/tmpn8ny00nv/sums_even.tla

In module sums_even

Cannot find source file for module TLAPS imported in modu
2026-04-27 00:46:25,017 WARNING ast_extractor: spec=182 (sums_even): extraction failed
2026-04-27 00:46:25,580 WARNING ast_extractor: SANY failed for MCtcp: 
Fatal errors while parsing TLA+ spec in file /var/folders/nj/rhyfrhln2x76xrg36l6zy0680000gn/T/tmp5r4ddjql/MCtcp.tla

In module MCtcp

Cannot find source file for module tcp imported in module MCtcp.

2026-04-27 00:46:25,592 WARNING ast_extractor: spec=184 (MCtcp): extraction failed
2026-04-27 00:46:25,871 WARNING ast_extractor: SANY failed for tcp: 
Fatal errors while parsing TLA+ spec in file /var/folders/nj/rhyfrhln2x76xrg36l6zy0680000gn/T/tmpzpttw9ny/tcp.tla

In module tcp

Cannot find source file for module SequencesExt imported in module tc
2026-04-27 00:46:25,884 WARNING ast_extractor: spec=185 (tcp): extraction failed
2026-04-27 00:46:26,127 WARNING ast_extractor: SANY failed for Simple: 
Fatal errors while parsing TLA+ spec in file /var/folders/nj/rhyfrhln2x76xrg36l6zy0680000gn/T/tmpaqhsewgj/Simple.tla

In module Simple

Cannot find source file for module TLAPS imported in module Sim
2026-04-27 00:46:26,140 WARNING ast_extractor: spec=186 (Simple): extraction failed
2026-04-27 00:46:26,417 WARNING ast_extractor: SANY failed for SimpleRegular: 
Fatal errors while parsing TLA+ spec in file /var/folders/nj/rhyfrhln2x76xrg36l6zy0680000gn/T/tmptw5_ayso/SimpleRegular.tla

In module SimpleRegular

Cannot find source file for module TLAPS imported
2026-04-27 00:46:26,433 WARNING ast_extractor: spec=187 (SimpleRegular): extraction failed
2026-04-27 00:46:26,706 WARNING ast_extractor: SANY failed for TestGraphs: 
Fatal errors while parsing TLA+ spec in file /var/folders/nj/rhyfrhln2x76xrg36l6zy0680000gn/T/tmpsed1rexc/TestGraphs.tla

In module TestGraphs

Cannot find source file for module TLCMC imported in mo
2026-04-27 00:46:26,722 WARNING ast_extractor: spec=188 (TestGraphs): extraction failed
2026-04-27 00:46:27,809 WARNING ast_extractor: SANY failed for Hanoi: 
Fatal errors while parsing TLA+ spec in file /var/folders/nj/rhyfrhln2x76xrg36l6zy0680000gn/T/tmp_n93868i/Hanoi.tla

In module Hanoi

Cannot find source file for module Bits imported in module Hanoi.
2026-04-27 00:46:27,821 WARNING ast_extractor: spec=191 (Hanoi): extraction failed
2026-04-27 00:46:29,017 WARNING ast_extractor: SANY failed for PaxosCommit: 
Fatal errors while parsing TLA+ spec in file /var/folders/nj/rhyfrhln2x76xrg36l6zy0680000gn/T/tmpstwbnep1/PaxosCommit.tla

In module PaxosCommit

Cannot find source file for module TCommit imported i
2026-04-27 00:46:29,029 WARNING ast_extractor: spec=194 (PaxosCommit): extraction failed
2026-04-27 00:46:29,755 WARNING ast_extractor: SANY failed for TwoPhase: 
Fatal errors while parsing TLA+ spec in file /var/folders/nj/rhyfrhln2x76xrg36l6zy0680000gn/T/tmpmyuqmnrc/TwoPhase.tla

In module TwoPhase

Cannot find source file for module TCommit imported in modu
2026-04-27 00:46:29,768 WARNING ast_extractor: spec=196 (TwoPhase): extraction failed
2026-04-27 00:46:31,054 WARNING ast_extractor: SANY failed for MCTwoPhase: 
Fatal errors while parsing TLA+ spec in file /var/folders/nj/rhyfrhln2x76xrg36l6zy0680000gn/T/tmpp8h8hiis/MCTwoPhase.tla

In module MCTwoPhase

Cannot find source file for module TwoPhase imported in
2026-04-27 00:46:31,067 WARNING ast_extractor: spec=199 (MCTwoPhase): extraction failed
2026-04-27 00:46:31,694 WARNING ast_extractor: SANY failed for TwoPhase: 
Fatal errors while parsing TLA+ spec in file /var/folders/nj/rhyfrhln2x76xrg36l6zy0680000gn/T/tmpwn_dtye2/TwoPhase.tla

In module TwoPhase

Cannot find source file for module TCommit imported in modu
2026-04-27 00:46:31,708 WARNING ast_extractor: spec=201 (TwoPhase): extraction failed
2026-04-27 00:46:31,918 WARNING ast_extractor: SANY failed for MCYoYoNoPruning: 
Fatal errors while parsing TLA+ spec in file /var/folders/nj/rhyfrhln2x76xrg36l6zy0680000gn/T/tmpq95eouun/MCYoYoNoPruning.tla

In module MCYoYoNoPruning

Cannot find source file for module YoYoNoPrun
2026-04-27 00:46:31,929 WARNING ast_extractor: spec=202 (MCYoYoNoPruning): extraction failed
2026-04-27 00:46:32,151 WARNING ast_extractor: SANY failed for MCYoYoPruning: 
Fatal errors while parsing TLA+ spec in file /var/folders/nj/rhyfrhln2x76xrg36l6zy0680000gn/T/tmpcw0udtkl/MCYoYoPruning.tla

In module MCYoYoPruning

Cannot find source file for module YoYoPruning im
2026-04-27 00:46:32,164 WARNING ast_extractor: spec=203 (MCYoYoPruning): extraction failed
2026-04-27 00:46:32,470 WARNING ast_extractor: SANY failed for YoYoAllGraphs: 
Fatal errors while parsing TLA+ spec in file /var/folders/nj/rhyfrhln2x76xrg36l6zy0680000gn/T/tmp33v01g_v/YoYoAllGraphs.tla

In module YoYoAllGraphs

Cannot find source file for module UndirectedGrap
2026-04-27 00:46:32,486 WARNING ast_extractor: spec=204 (YoYoAllGraphs): extraction failed
2026-04-27 00:46:32,802 WARNING ast_extractor: SANY failed for YoYoNoPruning: 
Fatal errors while parsing TLA+ spec in file /var/folders/nj/rhyfrhln2x76xrg36l6zy0680000gn/T/tmpnufn35vu/YoYoNoPruning.tla

In module YoYoNoPruning

Cannot find source file for module UndirectedGrap
2026-04-27 00:46:32,816 WARNING ast_extractor: spec=205 (YoYoNoPruning): extraction failed
2026-04-27 00:46:33,081 WARNING ast_extractor: SANY failed for YoYoPruning: 
Fatal errors while parsing TLA+ spec in file /var/folders/nj/rhyfrhln2x76xrg36l6zy0680000gn/T/tmp_8qc2dpy/YoYoPruning.tla

In module YoYoPruning

Cannot find source file for module UndirectedGraphs i
2026-04-27 00:46:33,094 WARNING ast_extractor: spec=206 (YoYoPruning): extraction failed
2026-04-27 00:46:33,094 INFO ast_extractor: done: 72 success, 133 failed, 1 skipped (of 206)
2026-04-27 00:48:27,697 WARNING ast_extractor: SANY failed for ACP_NB: 
Fatal errors while parsing TLA+ spec in file /var/folders/nj/rhyfrhln2x76xrg36l6zy0680000gn/T/tmppik8t4dv/ACP_NB.tla

In module ACP_NB

Cannot find source file for module ACP_SB imported in module AC
2026-04-27 00:48:27,710 WARNING ast_extractor: spec=2 (ACP_NB): extraction failed
2026-04-27 00:48:27,930 WARNING ast_extractor: SANY failed for ACP_NB_TLC: 
Fatal errors while parsing TLA+ spec in file /var/folders/nj/rhyfrhln2x76xrg36l6zy0680000gn/T/tmpyx9afkef/ACP_NB_TLC.tla

In module ACP_NB_TLC

Cannot find source file for module ACP_NB imported in m
2026-04-27 00:48:27,943 WARNING ast_extractor: spec=3 (ACP_NB_TLC): extraction failed
2026-04-27 00:48:28,174 WARNING ast_extractor: SANY failed for ACP_NB_WRONG_TLC: 
Fatal errors while parsing TLA+ spec in file /var/folders/nj/rhyfrhln2x76xrg36l6zy0680000gn/T/tmpx5c67ppr/ACP_NB_WRONG_TLC.tla

In module ACP_NB_WRONG_TLC

Cannot find source file for module ACP_SB i
2026-04-27 00:48:28,187 WARNING ast_extractor: spec=4 (ACP_NB_WRONG_TLC): extraction failed
2026-04-27 00:48:28,888 WARNING ast_extractor: SANY failed for ACP_SB_TLC: 
Fatal errors while parsing TLA+ spec in file /var/folders/nj/rhyfrhln2x76xrg36l6zy0680000gn/T/tmphhbvercm/ACP_SB_TLC.tla

In module ACP_SB_TLC

Cannot find source file for module ACP_SB imported in m
2026-04-27 00:48:28,900 WARNING ast_extractor: spec=6 (ACP_SB_TLC): extraction failed
2026-04-27 00:48:29,134 WARNING ast_extractor: SANY failed for AllocatorImplementation: 
Fatal errors while parsing TLA+ spec in file /var/folders/nj/rhyfrhln2x76xrg36l6zy0680000gn/T/tmpn_v70m79/AllocatorImplementation.tla

In module AllocatorImplementation

Cannot find source file for m
2026-04-27 00:48:29,145 WARNING ast_extractor: spec=7 (AllocatorImplementation): extraction failed
2026-04-27 00:48:29,352 WARNING ast_extractor: SANY failed for AllocatorRefinement: 
Fatal errors while parsing TLA+ spec in file /var/folders/nj/rhyfrhln2x76xrg36l6zy0680000gn/T/tmps9sww5qw/AllocatorRefinement.tla

In module AllocatorRefinement

Cannot find source file for module Sc
2026-04-27 00:48:29,363 WARNING ast_extractor: spec=8 (AllocatorRefinement): extraction failed
2026-04-27 00:48:30,414 WARNING ast_extractor: SANY failed for Bakery: 
Fatal errors while parsing TLA+ spec in file /var/folders/nj/rhyfrhln2x76xrg36l6zy0680000gn/T/tmp3ybc9agi/Bakery.tla

In module Bakery

Cannot find source file for module TLAPS imported in module Bak
2026-04-27 00:48:30,428 WARNING ast_extractor: spec=11 (Bakery): extraction failed
2026-04-27 00:48:30,755 WARNING ast_extractor: SANY failed for Boulanger: 
Fatal errors while parsing TLA+ spec in file /var/folders/nj/rhyfrhln2x76xrg36l6zy0680000gn/T/tmpry12mc45/Boulanger.tla

In module Boulanger

Cannot find source file for module TLAPS imported in modu
2026-04-27 00:48:30,768 WARNING ast_extractor: spec=12 (Boulanger): extraction failed
2026-04-27 00:48:30,990 WARNING ast_extractor: SANY failed for MCBakery: 
Fatal errors while parsing TLA+ spec in file /var/folders/nj/rhyfrhln2x76xrg36l6zy0680000gn/T/tmp_l1rzcz7/MCBakery.tla

In module MCBakery

Cannot find source file for module Bakery imported in modul
2026-04-27 00:48:31,004 WARNING ast_extractor: spec=13 (MCBakery): extraction failed
2026-04-27 00:48:31,219 WARNING ast_extractor: SANY failed for MCBoulanger: 
Fatal errors while parsing TLA+ spec in file /var/folders/nj/rhyfrhln2x76xrg36l6zy0680000gn/T/tmp63_a702j/MCBoulanger.tla

In module MCBoulanger

Cannot find source file for module Boulanger imported
2026-04-27 00:48:31,231 WARNING ast_extractor: spec=14 (MCBoulanger): extraction failed
2026-04-27 00:48:31,570 WARNING ast_extractor: SANY failed for bcastByz: 
Fatal errors while parsing TLA+ spec in file /var/folders/nj/rhyfrhln2x76xrg36l6zy0680000gn/T/tmpdxbi57xg/bcastByz.tla

In module bcastByz

Cannot find source file for module FiniteSetTheorems import
2026-04-27 00:48:31,582 WARNING ast_extractor: spec=15 (bcastByz): extraction failed
2026-04-27 00:48:32,565 WARNING ast_extractor: SANY failed for 18: 
Fatal errors while parsing TLA+ spec in file /var/folders/nj/rhyfrhln2x76xrg36l6zy0680000gn/T/tmpjd57z_f2/18.tla

Unknown location

File name '18' does not match the name 'BufferedRandomAccessFile' o
2026-04-27 00:48:32,574 WARNING ast_extractor: spec=18 (18): extraction failed
2026-04-27 00:48:32,793 WARNING ast_extractor: SANY failed for VoucherCancel: 
Fatal errors while parsing TLA+ spec in file /var/folders/nj/rhyfrhln2x76xrg36l6zy0680000gn/T/tmpp7t2mfsu/VoucherCancel.tla

In module VoucherCancel

Cannot find source file for module VoucherLifeCyc
2026-04-27 00:48:32,804 WARNING ast_extractor: spec=19 (VoucherCancel): extraction failed
2026-04-27 00:48:33,075 WARNING ast_extractor: SANY failed for VoucherIssue: 
Fatal errors while parsing TLA+ spec in file /var/folders/nj/rhyfrhln2x76xrg36l6zy0680000gn/T/tmpvo3w8z35/VoucherIssue.tla

In module VoucherIssue

Cannot find source file for module VoucherLifeCycle
2026-04-27 00:48:33,088 WARNING ast_extractor: spec=20 (VoucherIssue): extraction failed
2026-04-27 00:48:33,639 WARNING ast_extractor: SANY failed for VoucherRedeem: 
Fatal errors while parsing TLA+ spec in file /var/folders/nj/rhyfrhln2x76xrg36l6zy0680000gn/T/tmpbzmxcbrv/VoucherRedeem.tla

In module VoucherRedeem

Cannot find source file for module VoucherLifeCyc
2026-04-27 00:48:33,651 WARNING ast_extractor: spec=22 (VoucherRedeem): extraction failed
2026-04-27 00:48:33,900 WARNING ast_extractor: SANY failed for VoucherTransfer: 
Fatal errors while parsing TLA+ spec in file /var/folders/nj/rhyfrhln2x76xrg36l6zy0680000gn/T/tmpii0ua2pl/VoucherTransfer.tla

In module VoucherTransfer

Cannot find source file for module VoucherLif
2026-04-27 00:48:33,912 WARNING ast_extractor: spec=23 (VoucherTransfer): extraction failed
2026-04-27 00:48:34,260 WARNING ast_extractor: SANY failed for BPConProof: 
Fatal errors while parsing TLA+ spec in file /var/folders/nj/rhyfrhln2x76xrg36l6zy0680000gn/T/tmpf26rtvsa/BPConProof.tla

In module BPConProof

Cannot find source file for module FiniteSetTheorems im
2026-04-27 00:48:34,273 WARNING ast_extractor: spec=24 (BPConProof): extraction failed
2026-04-27 00:48:34,506 WARNING ast_extractor: SANY failed for Consensus: 
Fatal errors while parsing TLA+ spec in file /var/folders/nj/rhyfrhln2x76xrg36l6zy0680000gn/T/tmpb85b9k4m/Consensus.tla

In module Consensus

Cannot find source file for module TLAPS imported in modu
2026-04-27 00:48:34,518 WARNING ast_extractor: spec=25 (Consensus): extraction failed
2026-04-27 00:48:34,769 WARNING ast_extractor: SANY failed for PConProof: 
Fatal errors while parsing TLA+ spec in file /var/folders/nj/rhyfrhln2x76xrg36l6zy0680000gn/T/tmp5zyim5wc/PConProof.tla

In module PConProof

Cannot find source file for module TLAPS imported in modu
2026-04-27 00:48:34,782 WARNING ast_extractor: spec=26 (PConProof): extraction failed
2026-04-27 00:48:35,101 WARNING ast_extractor: SANY failed for VoteProof: 
Fatal errors while parsing TLA+ spec in file /var/folders/nj/rhyfrhln2x76xrg36l6zy0680000gn/T/tmp0lkx8sqp/VoteProof.tla

In module VoteProof

Cannot find source file for module NaturalsInduction impo
2026-04-27 00:48:35,113 WARNING ast_extractor: spec=27 (VoteProof): extraction failed
2026-04-27 00:48:37,504 WARNING ast_extractor: SANY failed for MCChangRoberts: 
Fatal errors while parsing TLA+ spec in file /var/folders/nj/rhyfrhln2x76xrg36l6zy0680000gn/T/tmpqybznhy3/MCChangRoberts.tla

In module MCChangRoberts

Cannot find source file for module ChangRoberts
2026-04-27 00:48:37,514 WARNING ast_extractor: spec=34 (MCChangRoberts): extraction failed
2026-04-27 00:48:38,213 WARNING ast_extractor: SANY failed for MCCheckpointCoordination: 
Fatal errors while parsing TLA+ spec in file /var/folders/nj/rhyfrhln2x76xrg36l6zy0680000gn/T/tmpm2az6xc6/MCCheckpointCoordination.tla

In module MCCheckpointCoordination

Cannot find source file for
2026-04-27 00:48:38,229 WARNING ast_extractor: spec=36 (MCCheckpointCoordination): extraction failed
2026-04-27 00:48:39,790 WARNING ast_extractor: SANY failed for EnvironmentController: 
Fatal errors while parsing TLA+ spec in file /var/folders/nj/rhyfrhln2x76xrg36l6zy0680000gn/T/tmp4tkdr86q/EnvironmentController.tla

In module EnvironmentController

Cannot find source file for modul
2026-04-27 00:48:39,802 WARNING ast_extractor: spec=40 (EnvironmentController): extraction failed
2026-04-27 00:48:40,874 INFO ast_extractor: progress: 20/206 (10%)
2026-04-27 00:48:41,071 WARNING ast_extractor: SANY failed for MCDieHarder: 
Fatal errors while parsing TLA+ spec in file /var/folders/nj/rhyfrhln2x76xrg36l6zy0680000gn/T/tmpuxwie64g/MCDieHarder.tla

In module MCDieHarder

Cannot find source file for module DieHarder imported
2026-04-27 00:48:41,082 WARNING ast_extractor: spec=44 (MCDieHarder): extraction failed
2026-04-27 00:48:42,050 WARNING ast_extractor: SANY failed for DiskSynod: 
Fatal errors while parsing TLA+ spec in file /var/folders/nj/rhyfrhln2x76xrg36l6zy0680000gn/T/tmp6nd68_dq/DiskSynod.tla

In module DiskSynod

Cannot find source file for module Synod imported in modu
2026-04-27 00:48:42,061 WARNING ast_extractor: spec=47 (DiskSynod): extraction failed
2026-04-27 00:48:42,319 WARNING ast_extractor: SANY failed for HDiskSynod: 
Fatal errors while parsing TLA+ spec in file /var/folders/nj/rhyfrhln2x76xrg36l6zy0680000gn/T/tmppq4vcu12/HDiskSynod.tla

In module HDiskSynod

Cannot find source file for module DiskSynod imported i
2026-04-27 00:48:42,332 WARNING ast_extractor: spec=48 (HDiskSynod): extraction failed
2026-04-27 00:48:42,546 WARNING ast_extractor: SANY failed for MC_HDiskSynod: 
Fatal errors while parsing TLA+ spec in file /var/folders/nj/rhyfrhln2x76xrg36l6zy0680000gn/T/tmp4iemonbd/MC_HDiskSynod.tla

In module MC_HDiskSynod

Cannot find source file for module HDiskSynod imp
2026-04-27 00:48:42,558 WARNING ast_extractor: spec=49 (MC_HDiskSynod): extraction failed
2026-04-27 00:48:42,765 WARNING ast_extractor: SANY failed for 50: 
Fatal errors while parsing TLA+ spec in file /var/folders/nj/rhyfrhln2x76xrg36l6zy0680000gn/T/tmpfrko_xt4/50.tla

Unknown location

File name '50' does not match the name 'Synod' of the top level mod
2026-04-27 00:48:42,774 WARNING ast_extractor: spec=50 (50): extraction failed
2026-04-27 00:48:43,001 WARNING ast_extractor: SANY failed for Disruptor_MPMC: 
Fatal errors while parsing TLA+ spec in file /var/folders/nj/rhyfrhln2x76xrg36l6zy0680000gn/T/tmp0o50vxzw/Disruptor_MPMC.tla

In module Disruptor_MPMC

Cannot find source file for module RingBuffer i
2026-04-27 00:48:43,012 WARNING ast_extractor: spec=51 (Disruptor_MPMC): extraction failed
2026-04-27 00:48:43,240 WARNING ast_extractor: SANY failed for Disruptor_SPMC: 
Fatal errors while parsing TLA+ spec in file /var/folders/nj/rhyfrhln2x76xrg36l6zy0680000gn/T/tmptokzgccx/Disruptor_SPMC.tla

In module Disruptor_SPMC

Cannot find source file for module RingBuffer i
2026-04-27 00:48:43,252 WARNING ast_extractor: spec=52 (Disruptor_SPMC): extraction failed
2026-04-27 00:48:44,262 WARNING ast_extractor: SANY failed for MCEcho: 
Fatal errors while parsing TLA+ spec in file /var/folders/nj/rhyfrhln2x76xrg36l6zy0680000gn/T/tmpdxgwn_ei/MCEcho.tla

In module MCEcho

Cannot find source file for module Echo imported in module MCEc
2026-04-27 00:48:44,272 WARNING ast_extractor: spec=55 (MCEcho): extraction failed
2026-04-27 00:48:44,823 WARNING ast_extractor: SANY failed for Einstein: 
Fatal errors while parsing TLA+ spec in file /var/folders/nj/rhyfrhln2x76xrg36l6zy0680000gn/T/tmpxwj07078/Einstein.tla

In module Einstein

Cannot find source file for module Apalache imported in mod
2026-04-27 00:48:44,834 WARNING ast_extractor: spec=57 (Einstein): extraction failed
2026-04-27 00:48:45,069 WARNING ast_extractor: SANY failed for SimTokenRing: 
Fatal errors while parsing TLA+ spec in file /var/folders/nj/rhyfrhln2x76xrg36l6zy0680000gn/T/tmpoxsjxbpc/SimTokenRing.tla

In module SimTokenRing

Cannot find source file for module TokenRing import
2026-04-27 00:48:45,082 WARNING ast_extractor: spec=58 (SimTokenRing): extraction failed
2026-04-27 00:48:45,683 WARNING ast_extractor: SANY failed for EWD687a_anim: 
Fatal errors while parsing TLA+ spec in file /var/folders/nj/rhyfrhln2x76xrg36l6zy0680000gn/T/tmpu261luts/EWD687a_anim.tla

In module EWD687a_anim

Cannot find source file for module EWD687a imported
2026-04-27 00:48:45,694 WARNING ast_extractor: spec=60 (EWD687a_anim): extraction failed
2026-04-27 00:48:46,951 WARNING ast_extractor: SANY failed for MCEWD687a: 
Fatal errors while parsing TLA+ spec in file /var/folders/nj/rhyfrhln2x76xrg36l6zy0680000gn/T/tmpeqymx5_1/MCEWD687a.tla

In module MCEWD687a

Cannot find source file for module EWD687a imported in mo
2026-04-27 00:48:46,962 WARNING ast_extractor: spec=63 (MCEWD687a): extraction failed
2026-04-27 00:48:47,224 WARNING ast_extractor: SANY failed for EWD840_anim: 
Fatal errors while parsing TLA+ spec in file /var/folders/nj/rhyfrhln2x76xrg36l6zy0680000gn/T/tmpluiuyiw6/EWD840_anim.tla

In module EWD840_anim

Cannot find source file for module EWD840 imported in
2026-04-27 00:48:47,237 WARNING ast_extractor: spec=64 (EWD840_anim): extraction failed
2026-04-27 00:48:47,475 WARNING ast_extractor: SANY failed for EWD840: 
Fatal errors while parsing TLA+ spec in file /var/folders/nj/rhyfrhln2x76xrg36l6zy0680000gn/T/tmpdtkwlr0o/EWD840.tla

In module EWD840

Cannot find source file for module SyncTerminationDetection imp
2026-04-27 00:48:47,488 WARNING ast_extractor: spec=65 (EWD840): extraction failed
2026-04-27 00:48:47,704 WARNING ast_extractor: SANY failed for EWD840_json: 
Fatal errors while parsing TLA+ spec in file /var/folders/nj/rhyfrhln2x76xrg36l6zy0680000gn/T/tmpmpxf5ud8/EWD840_json.tla

In module EWD840_json

Cannot find source file for module EWD840 imported in
2026-04-27 00:48:47,716 WARNING ast_extractor: spec=66 (EWD840_json): extraction failed
2026-04-27 00:48:47,933 WARNING ast_extractor: SANY failed for EWD840_proof: 
Fatal errors while parsing TLA+ spec in file /var/folders/nj/rhyfrhln2x76xrg36l6zy0680000gn/T/tmp0q22attn/EWD840_proof.tla

In module EWD840_proof

Cannot find source file for module EWD840 imported 
2026-04-27 00:48:47,944 WARNING ast_extractor: spec=67 (EWD840_proof): extraction failed
2026-04-27 00:48:49,155 WARNING ast_extractor: SANY failed for AsyncTerminationDetection_proof: 
Fatal errors while parsing TLA+ spec in file /var/folders/nj/rhyfrhln2x76xrg36l6zy0680000gn/T/tmpmf9mbfxk/AsyncTerminationDetection_proof.tla

In module AsyncTerminationDetection_proof

Cannot find s
2026-04-27 00:48:49,167 WARNING ast_extractor: spec=71 (AsyncTerminationDetection_proof): extraction failed
2026-04-27 00:48:49,438 WARNING ast_extractor: SANY failed for EWD998_anim: 
Fatal errors while parsing TLA+ spec in file /var/folders/nj/rhyfrhln2x76xrg36l6zy0680000gn/T/tmpa45lpzxc/EWD998_anim.tla

In module EWD998_anim

Cannot find source file for module EWD998ChanID impor
2026-04-27 00:48:49,451 WARNING ast_extractor: spec=72 (EWD998_anim): extraction failed
2026-04-27 00:48:49,687 WARNING ast_extractor: SANY failed for EWD998Chan: 
Fatal errors while parsing TLA+ spec in file /var/folders/nj/rhyfrhln2x76xrg36l6zy0680000gn/T/tmpo_rix4a2/EWD998Chan.tla

In module EWD998Chan

Cannot find source file for module Utils imported in mo
2026-04-27 00:48:49,698 WARNING ast_extractor: spec=73 (EWD998Chan): extraction failed
2026-04-27 00:48:49,945 WARNING ast_extractor: SANY failed for EWD998ChanID: 
Fatal errors while parsing TLA+ spec in file /var/folders/nj/rhyfrhln2x76xrg36l6zy0680000gn/T/tmpcyl_ldd9/EWD998ChanID.tla

In module EWD998ChanID

Cannot find source file for module Utils imported i
2026-04-27 00:48:49,957 WARNING ast_extractor: spec=74 (EWD998ChanID): extraction failed
2026-04-27 00:48:50,168 WARNING ast_extractor: SANY failed for EWD998ChanID_export: 
Fatal errors while parsing TLA+ spec in file /var/folders/nj/rhyfrhln2x76xrg36l6zy0680000gn/T/tmp_ad5f53p/EWD998ChanID_export.tla

In module EWD998ChanID_export

Cannot find source file for module EW
2026-04-27 00:48:50,179 WARNING ast_extractor: spec=75 (EWD998ChanID_export): extraction failed
2026-04-27 00:48:50,395 WARNING ast_extractor: SANY failed for EWD998ChanID_shiviz: 
Fatal errors while parsing TLA+ spec in file /var/folders/nj/rhyfrhln2x76xrg36l6zy0680000gn/T/tmpite0bln5/EWD998ChanID_shiviz.tla

In module EWD998ChanID_shiviz

Cannot find source file for module EW
2026-04-27 00:48:50,406 WARNING ast_extractor: spec=76 (EWD998ChanID_shiviz): extraction failed
2026-04-27 00:48:50,626 WARNING ast_extractor: SANY failed for EWD998Chan_opts: 
Fatal errors while parsing TLA+ spec in file /var/folders/nj/rhyfrhln2x76xrg36l6zy0680000gn/T/tmpwjc3wzvw/EWD998Chan_opts.tla

In module EWD998Chan_opts

Cannot find source file for module EWD998Chan
2026-04-27 00:48:50,637 WARNING ast_extractor: spec=77 (EWD998Chan_opts): extraction failed
2026-04-27 00:48:50,863 WARNING ast_extractor: SANY failed for EWD998ChanTrace: 
Fatal errors while parsing TLA+ spec in file /var/folders/nj/rhyfrhln2x76xrg36l6zy0680000gn/T/tmp28w_3gce/EWD998ChanTrace.tla

In module EWD998ChanTrace

Cannot find source file for module EWD998Chan
2026-04-27 00:48:50,874 WARNING ast_extractor: spec=78 (EWD998ChanTrace): extraction failed
2026-04-27 00:48:51,140 WARNING ast_extractor: SANY failed for EWD998: 
Fatal errors while parsing TLA+ spec in file /var/folders/nj/rhyfrhln2x76xrg36l6zy0680000gn/T/tmpklc7a3lp/EWD998.tla

In module EWD998

Cannot find source file for module AsyncTerminationDetection im
2026-04-27 00:48:51,153 WARNING ast_extractor: spec=79 (EWD998): extraction failed
2026-04-27 00:48:51,373 WARNING ast_extractor: SANY failed for EWD998_opts: 
Fatal errors while parsing TLA+ spec in file /var/folders/nj/rhyfrhln2x76xrg36l6zy0680000gn/T/tmpa_tipqt5/EWD998_opts.tla

In module EWD998_opts

Cannot find source file for module EWD998 imported in
2026-04-27 00:48:51,385 WARNING ast_extractor: spec=80 (EWD998_opts): extraction failed
2026-04-27 00:48:52,195 WARNING ast_extractor: SANY failed for EWD998PCal: 
Fatal errors while parsing TLA+ spec in file /var/folders/nj/rhyfrhln2x76xrg36l6zy0680000gn/T/tmpsxlosvmy/EWD998PCal.tla

In module EWD998PCal

Cannot find source file for module EWD998 imported in m
2026-04-27 00:48:52,206 WARNING ast_extractor: spec=82 (EWD998PCal): extraction failed
2026-04-27 00:48:52,542 WARNING ast_extractor: SANY failed for EWD998_proof: 
Fatal errors while parsing TLA+ spec in file /var/folders/nj/rhyfrhln2x76xrg36l6zy0680000gn/T/tmpbfk0bwdt/EWD998_proof.tla

In module EWD998_proof

Cannot find source file for module EWD998 imported 
2026-04-27 00:48:52,555 WARNING ast_extractor: spec=83 (EWD998_proof): extraction failed
2026-04-27 00:48:52,780 WARNING ast_extractor: SANY failed for SmokeEWD998: 
Fatal errors while parsing TLA+ spec in file /var/folders/nj/rhyfrhln2x76xrg36l6zy0680000gn/T/tmpla3ohpc1/SmokeEWD998.tla

In module SmokeEWD998

Cannot find source file for module EWD998 imported in
2026-04-27 00:48:52,793 WARNING ast_extractor: spec=84 (SmokeEWD998): extraction failed
2026-04-27 00:48:54,824 WARNING ast_extractor: SANY failed for CRDT_proof: 
Fatal errors while parsing TLA+ spec in file /var/folders/nj/rhyfrhln2x76xrg36l6zy0680000gn/T/tmpovlrcd2v/CRDT_proof.tla

In module CRDT_proof

Cannot find source file for module CRDT imported in mod
2026-04-27 00:48:54,835 WARNING ast_extractor: spec=89 (CRDT_proof): extraction failed
2026-04-27 00:48:55,614 WARNING ast_extractor: SANY failed for MCCRDT: 
Fatal errors while parsing TLA+ spec in file /var/folders/nj/rhyfrhln2x76xrg36l6zy0680000gn/T/tmp_epzsf7w/MCCRDT.tla

In module MCCRDT

Cannot find source file for module CRDT imported in module MCCR
2026-04-27 00:48:55,625 WARNING ast_extractor: spec=91 (MCCRDT): extraction failed
2026-04-27 00:48:55,819 WARNING ast_extractor: SANY failed for MCDistributedReplicatedLog: 
Fatal errors while parsing TLA+ spec in file /var/folders/nj/rhyfrhln2x76xrg36l6zy0680000gn/T/tmpoirf8rly/MCDistributedReplicatedLog.tla

In module MCDistributedReplicatedLog

Cannot find source file
2026-04-27 00:48:55,830 WARNING ast_extractor: spec=92 (MCDistributedReplicatedLog): extraction failed
2026-04-27 00:48:56,035 WARNING ast_extractor: SANY failed for MCReplicatedLog: 
Fatal errors while parsing TLA+ spec in file /var/folders/nj/rhyfrhln2x76xrg36l6zy0680000gn/T/tmp4n4t4jc7/MCReplicatedLog.tla

In module MCReplicatedLog

Cannot find source file for module Replicated
2026-04-27 00:48:56,046 WARNING ast_extractor: spec=93 (MCReplicatedLog): extraction failed
2026-04-27 00:48:57,012 INFO ast_extractor: progress: 40/206 (19%)
2026-04-27 00:48:57,540 WARNING ast_extractor: SANY failed for product: 
Fatal errors while parsing TLA+ spec in file /var/folders/nj/rhyfrhln2x76xrg36l6zy0680000gn/T/tmpd6ii0c28/product.tla

In module product

Cannot find source file for module stages imported in module 
2026-04-27 00:48:57,551 WARNING ast_extractor: spec=98 (product): extraction failed
2026-04-27 00:48:57,766 WARNING ast_extractor: SANY failed for stages: 
Fatal errors while parsing TLA+ spec in file /var/folders/nj/rhyfrhln2x76xrg36l6zy0680000gn/T/tmpxm7ichxt/stages.tla

In module stages

Cannot find source file for module clean imported in module sta
2026-04-27 00:48:57,778 WARNING ast_extractor: spec=99 (stages): extraction failed
2026-04-27 00:48:58,589 WARNING ast_extractor: SANY failed for ClientCentric: 
Fatal errors while parsing TLA+ spec in file /var/folders/nj/rhyfrhln2x76xrg36l6zy0680000gn/T/tmp3f9nr9gw/ClientCentric.tla

In module ClientCentric

Cannot find source file for module Util imported 
2026-04-27 00:48:58,601 WARNING ast_extractor: spec=101 (ClientCentric): extraction failed
2026-04-27 00:48:59,159 WARNING ast_extractor: SANY failed for KVsnap: 
Fatal errors while parsing TLA+ spec in file /var/folders/nj/rhyfrhln2x76xrg36l6zy0680000gn/T/tmpcllgi_su/KVsnap.tla

In module KVsnap

Cannot find source file for module Util imported in module KVsn
2026-04-27 00:48:59,170 WARNING ast_extractor: spec=103 (KVsnap): extraction failed
2026-04-27 00:48:59,370 WARNING ast_extractor: SANY failed for MCKVS: 
Fatal errors while parsing TLA+ spec in file /var/folders/nj/rhyfrhln2x76xrg36l6zy0680000gn/T/tmp38j1gp64/MCKVS.tla

In module MCKVS

Cannot find source file for module KeyValueStore imported in modu
2026-04-27 00:48:59,381 WARNING ast_extractor: spec=104 (MCKVS): extraction failed
2026-04-27 00:49:01,077 WARNING ast_extractor: SANY failed for SimKnuthYao: 
Fatal errors while parsing TLA+ spec in file /var/folders/nj/rhyfrhln2x76xrg36l6zy0680000gn/T/tmprp9ngfzl/SimKnuthYao.tla

In module SimKnuthYao

Cannot find source file for module KnuthYao imported 
2026-04-27 00:49:01,087 WARNING ast_extractor: spec=109 (SimKnuthYao): extraction failed
2026-04-27 00:49:02,006 WARNING ast_extractor: SANY failed for LamportMutex_proofs: 
Fatal errors while parsing TLA+ spec in file /var/folders/nj/rhyfrhln2x76xrg36l6zy0680000gn/T/tmpt0sva8of/LamportMutex_proofs.tla

In module LamportMutex_proofs

Cannot find source file for module La
2026-04-27 00:49:02,019 WARNING ast_extractor: spec=112 (LamportMutex_proofs): extraction failed
2026-04-27 00:49:02,265 WARNING ast_extractor: SANY failed for MCLamportMutex: 
Fatal errors while parsing TLA+ spec in file /var/folders/nj/rhyfrhln2x76xrg36l6zy0680000gn/T/tmpw5yhyk5r/MCLamportMutex.tla

In module MCLamportMutex

Cannot find source file for module LamportMutex
2026-04-27 00:49:02,277 WARNING ast_extractor: spec=113 (MCLamportMutex): extraction failed
2026-04-27 00:49:02,515 WARNING ast_extractor: SANY failed for NaturalsInduction: 
Fatal errors while parsing TLA+ spec in file /var/folders/nj/rhyfrhln2x76xrg36l6zy0680000gn/T/tmp6qq90cp6/NaturalsInduction.tla

In module NaturalsInduction

Cannot find source file for module TLAPS 
2026-04-27 00:49:02,527 WARNING ast_extractor: spec=114 (NaturalsInduction): extraction failed
2026-04-27 00:49:02,819 WARNING ast_extractor: SANY failed for SequenceTheorems: 
Fatal errors while parsing TLA+ spec in file /var/folders/nj/rhyfrhln2x76xrg36l6zy0680000gn/T/tmp0a6kx24f/SequenceTheorems.tla

In module SequenceTheorems

Cannot find source file for module WellFoun
2026-04-27 00:49:02,831 WARNING ast_extractor: spec=115 (SequenceTheorems): extraction failed
2026-04-27 00:49:03,493 WARNING ast_extractor: SANY failed for WellFoundedInduction: 
Fatal errors while parsing TLA+ spec in file /var/folders/nj/rhyfrhln2x76xrg36l6zy0680000gn/T/tmpnqo80dss/WellFoundedInduction.tla

In module WellFoundedInduction

Cannot find source file for module 
2026-04-27 00:49:03,504 WARNING ast_extractor: spec=117 (WellFoundedInduction): extraction failed
2026-04-27 00:49:03,719 WARNING ast_extractor: SANY failed for AddTwo: 
Fatal errors while parsing TLA+ spec in file /var/folders/nj/rhyfrhln2x76xrg36l6zy0680000gn/T/tmpj3zvnu30/AddTwo.tla

In module AddTwo

Cannot find source file for module TLAPS imported in module Add
2026-04-27 00:49:03,730 WARNING ast_extractor: spec=118 (AddTwo): extraction failed
2026-04-27 00:49:03,957 WARNING ast_extractor: SANY failed for FindHighest: 
Fatal errors while parsing TLA+ spec in file /var/folders/nj/rhyfrhln2x76xrg36l6zy0680000gn/T/tmptzljqpf2/FindHighest.tla

In module FindHighest

Cannot find source file for module TLAPS imported in 
2026-04-27 00:49:03,969 WARNING ast_extractor: spec=119 (FindHighest): extraction failed
2026-04-27 00:49:03,969 WARNING ast_extractor: spec=120: .tla file not found, skipping
2026-04-27 00:49:04,204 WARNING ast_extractor: SANY failed for LeastCircularSubstring: 
Fatal errors while parsing TLA+ spec in file /var/folders/nj/rhyfrhln2x76xrg36l6zy0680000gn/T/tmpwc7npu3y/LeastCircularSubstring.tla

In module LeastCircularSubstring

Cannot find source file for mod
2026-04-27 00:49:04,215 WARNING ast_extractor: spec=121 (LeastCircularSubstring): extraction failed
2026-04-27 00:49:04,420 WARNING ast_extractor: SANY failed for MCLeastCircularSubstring: 
Fatal errors while parsing TLA+ spec in file /var/folders/nj/rhyfrhln2x76xrg36l6zy0680000gn/T/tmppaxk9m6f/MCLeastCircularSubstring.tla

In module MCLeastCircularSubstring

Cannot find source file for
2026-04-27 00:49:04,432 WARNING ast_extractor: spec=122 (MCLeastCircularSubstring): extraction failed
2026-04-27 00:49:05,559 WARNING ast_extractor: SANY failed for BinarySearch: 
Fatal errors while parsing TLA+ spec in file /var/folders/nj/rhyfrhln2x76xrg36l6zy0680000gn/T/tmpntp5e354/BinarySearch.tla

In module BinarySearch

Cannot find source file for module TLAPS imported i
2026-04-27 00:49:05,572 WARNING ast_extractor: spec=125 (BinarySearch): extraction failed
2026-04-27 00:49:05,822 WARNING ast_extractor: SANY failed for MCBinarySearch: 
Fatal errors while parsing TLA+ spec in file /var/folders/nj/rhyfrhln2x76xrg36l6zy0680000gn/T/tmpcl0p52o7/MCBinarySearch.tla

In module MCBinarySearch

Cannot find source file for module BinarySearch
2026-04-27 00:49:05,836 WARNING ast_extractor: spec=126 (MCBinarySearch): extraction failed
2026-04-27 00:49:06,048 WARNING ast_extractor: SANY failed for MCQuicksort: 
Fatal errors while parsing TLA+ spec in file /var/folders/nj/rhyfrhln2x76xrg36l6zy0680000gn/T/tmpll9r8w6m/MCQuicksort.tla

In module MCQuicksort

Cannot find source file for module Quicksort imported
2026-04-27 00:49:06,059 WARNING ast_extractor: spec=127 (MCQuicksort): extraction failed
2026-04-27 00:49:06,318 WARNING ast_extractor: SANY failed for Quicksort: 
Fatal errors while parsing TLA+ spec in file /var/folders/nj/rhyfrhln2x76xrg36l6zy0680000gn/T/tmp4alu6rhh/Quicksort.tla

In module Quicksort

Cannot find source file for module TLAPS imported in modu
2026-04-27 00:49:06,331 WARNING ast_extractor: spec=128 (Quicksort): extraction failed
2026-04-27 00:49:06,612 WARNING ast_extractor: SANY failed for SumSequence: 
Fatal errors while parsing TLA+ spec in file /var/folders/nj/rhyfrhln2x76xrg36l6zy0680000gn/T/tmpd5de9khr/SumSequence.tla

In module SumSequence

Cannot find source file for module SequenceTheorems i
2026-04-27 00:49:06,624 WARNING ast_extractor: spec=129 (SumSequence): extraction failed
2026-04-27 00:49:07,202 WARNING ast_extractor: SANY failed for MajorityProof: 
Fatal errors while parsing TLA+ spec in file /var/folders/nj/rhyfrhln2x76xrg36l6zy0680000gn/T/tmpj6trbr4c/MajorityProof.tla

In module MajorityProof

Cannot find source file for module Majority impor
2026-04-27 00:49:07,212 WARNING ast_extractor: spec=131 (MajorityProof): extraction failed
2026-04-27 00:49:07,420 WARNING ast_extractor: SANY failed for MCMajority: 
Fatal errors while parsing TLA+ spec in file /var/folders/nj/rhyfrhln2x76xrg36l6zy0680000gn/T/tmprgm9ieyf/MCMajority.tla

In module MCMajority

Cannot find source file for module Majority imported in
2026-04-27 00:49:07,432 WARNING ast_extractor: spec=132 (MCMajority): extraction failed
2026-04-27 00:49:07,633 WARNING ast_extractor: SANY failed for MCParReach: 
Fatal errors while parsing TLA+ spec in file /var/folders/nj/rhyfrhln2x76xrg36l6zy0680000gn/T/tmpl6x2gbwb/MCParReach.tla

In module MCParReach

Cannot find source file for module ParReach imported in
2026-04-27 00:49:07,644 WARNING ast_extractor: spec=133 (MCParReach): extraction failed
2026-04-27 00:49:07,847 WARNING ast_extractor: SANY failed for MCReachabilityTest: 
Fatal errors while parsing TLA+ spec in file /var/folders/nj/rhyfrhln2x76xrg36l6zy0680000gn/T/tmpqkili_fb/MCReachabilityTest.tla

In module MCReachabilityTest

Cannot find source file for module Reac
2026-04-27 00:49:07,858 WARNING ast_extractor: spec=134 (MCReachabilityTest): extraction failed
2026-04-27 00:49:08,089 WARNING ast_extractor: SANY failed for MCReachable: 
Fatal errors while parsing TLA+ spec in file /var/folders/nj/rhyfrhln2x76xrg36l6zy0680000gn/T/tmp3n4x_yls/MCReachable.tla

In module MCReachable

Cannot find source file for module Reachable imported
2026-04-27 00:49:08,102 WARNING ast_extractor: spec=135 (MCReachable): extraction failed
2026-04-27 00:49:08,340 WARNING ast_extractor: SANY failed for ParReach: 
Fatal errors while parsing TLA+ spec in file /var/folders/nj/rhyfrhln2x76xrg36l6zy0680000gn/T/tmp_6llb1ja/ParReach.tla

In module ParReach

Cannot find source file for module Reachability imported in
2026-04-27 00:49:08,353 WARNING ast_extractor: spec=136 (ParReach): extraction failed
2026-04-27 00:49:08,580 WARNING ast_extractor: SANY failed for ParReachProofs: 
Fatal errors while parsing TLA+ spec in file /var/folders/nj/rhyfrhln2x76xrg36l6zy0680000gn/T/tmplp5axx83/ParReachProofs.tla

In module ParReachProofs

Cannot find source file for module ParReach imp
2026-04-27 00:49:08,592 WARNING ast_extractor: spec=137 (ParReachProofs): extraction failed
2026-04-27 00:49:09,167 WARNING ast_extractor: SANY failed for ReachabilityProofs: 
Fatal errors while parsing TLA+ spec in file /var/folders/nj/rhyfrhln2x76xrg36l6zy0680000gn/T/tmptekd39lj/ReachabilityProofs.tla

In module ReachabilityProofs

Cannot find source file for module Reac
2026-04-27 00:49:09,178 WARNING ast_extractor: spec=139 (ReachabilityProofs): extraction failed
2026-04-27 00:49:09,393 WARNING ast_extractor: SANY failed for ReachabilityTest: 
Fatal errors while parsing TLA+ spec in file /var/folders/nj/rhyfrhln2x76xrg36l6zy0680000gn/T/tmpodugt6_h/ReachabilityTest.tla

In module ReachabilityTest

Cannot find source file for module TLAPS im
2026-04-27 00:49:09,405 WARNING ast_extractor: spec=140 (ReachabilityTest): extraction failed
2026-04-27 00:49:09,629 WARNING ast_extractor: SANY failed for Reachable: 
Fatal errors while parsing TLA+ spec in file /var/folders/nj/rhyfrhln2x76xrg36l6zy0680000gn/T/tmpwfjnb1nz/Reachable.tla

In module Reachable

Cannot find source file for module Reachability imported 
2026-04-27 00:49:09,641 WARNING ast_extractor: spec=141 (Reachable): extraction failed
2026-04-27 00:49:09,868 WARNING ast_extractor: SANY failed for ReachableProofs: 
Fatal errors while parsing TLA+ spec in file /var/folders/nj/rhyfrhln2x76xrg36l6zy0680000gn/T/tmp5ksfgp6j/ReachableProofs.tla

In module ReachableProofs

Cannot find source file for module Reachable 
2026-04-27 00:49:09,879 WARNING ast_extractor: spec=142 (ReachableProofs): extraction failed
2026-04-27 00:49:11,757 WARNING ast_extractor: SANY failed for MultiPaxos_MC: 
Fatal errors while parsing TLA+ spec in file /var/folders/nj/rhyfrhln2x76xrg36l6zy0680000gn/T/tmpk26g6gi2/MultiPaxos_MC.tla

In module MultiPaxos_MC

Cannot find source file for module MultiPaxos imp
2026-04-27 00:49:11,768 WARNING ast_extractor: spec=146 (MultiPaxos_MC): extraction failed
2026-04-27 00:49:12,030 WARNING ast_extractor: SANY failed for MCNano: 
Fatal errors while parsing TLA+ spec in file /var/folders/nj/rhyfrhln2x76xrg36l6zy0680000gn/T/tmp54kt4liv/MCNano.tla

In module MCNano

Cannot find source file for module Nano imported in module MCNa
2026-04-27 00:49:12,043 WARNING ast_extractor: spec=147 (MCNano): extraction failed
2026-04-27 00:49:13,355 INFO ast_extractor: progress: 60/206 (29%)
2026-04-27 00:49:14,254 WARNING ast_extractor: SANY failed for Consensus: 
Fatal errors while parsing TLA+ spec in file /var/folders/nj/rhyfrhln2x76xrg36l6zy0680000gn/T/tmptwnejhkp/Consensus.tla

In module Consensus

Cannot find source file for module TLAPS imported in modu
2026-04-27 00:49:14,265 WARNING ast_extractor: spec=153 (Consensus): extraction failed
2026-04-27 00:49:14,470 WARNING ast_extractor: SANY failed for MCConsensus: 
Fatal errors while parsing TLA+ spec in file /var/folders/nj/rhyfrhln2x76xrg36l6zy0680000gn/T/tmpg64pjwiz/MCConsensus.tla

In module MCConsensus

Cannot find source file for module Consensus imported
2026-04-27 00:49:14,482 WARNING ast_extractor: spec=154 (MCConsensus): extraction failed
2026-04-27 00:49:14,699 WARNING ast_extractor: SANY failed for MCPaxos: 
Fatal errors while parsing TLA+ spec in file /var/folders/nj/rhyfrhln2x76xrg36l6zy0680000gn/T/tmp2ubfmk1s/MCPaxos.tla

In module MCPaxos

Cannot find source file for module Paxos imported in module M
2026-04-27 00:49:14,710 WARNING ast_extractor: spec=155 (MCPaxos): extraction failed
2026-04-27 00:49:14,918 WARNING ast_extractor: SANY failed for MCVoting: 
Fatal errors while parsing TLA+ spec in file /var/folders/nj/rhyfrhln2x76xrg36l6zy0680000gn/T/tmp5zp4a8sb/MCVoting.tla

In module MCVoting

Cannot find source file for module Voting imported in modul
2026-04-27 00:49:14,931 WARNING ast_extractor: spec=156 (MCVoting): extraction failed
2026-04-27 00:49:15,187 WARNING ast_extractor: SANY failed for Paxos: 
Fatal errors while parsing TLA+ spec in file /var/folders/nj/rhyfrhln2x76xrg36l6zy0680000gn/T/tmpah_mwf9g/Paxos.tla

In module Paxos

Cannot find source file for module Voting imported in module Paxo
2026-04-27 00:49:15,200 WARNING ast_extractor: spec=157 (Paxos): extraction failed
2026-04-27 00:49:15,443 WARNING ast_extractor: SANY failed for Voting: 
Fatal errors while parsing TLA+ spec in file /var/folders/nj/rhyfrhln2x76xrg36l6zy0680000gn/T/tmpvyhq6xzr/Voting.tla

In module Voting

Cannot find source file for module TLAPS imported in module Vot
2026-04-27 00:49:15,456 WARNING ast_extractor: spec=158 (Voting): extraction failed
2026-04-27 00:49:15,684 WARNING ast_extractor: SANY failed for Consensus: 
Fatal errors while parsing TLA+ spec in file /var/folders/nj/rhyfrhln2x76xrg36l6zy0680000gn/T/tmprmrg8szh/Consensus.tla

In module Consensus

Cannot find source file for module TLAPS imported in modu
2026-04-27 00:49:15,695 WARNING ast_extractor: spec=159 (Consensus): extraction failed
2026-04-27 00:49:15,900 WARNING ast_extractor: SANY failed for MCConsensus: 
Fatal errors while parsing TLA+ spec in file /var/folders/nj/rhyfrhln2x76xrg36l6zy0680000gn/T/tmpdtj0lll6/MCConsensus.tla

In module MCConsensus

Cannot find source file for module Consensus imported
2026-04-27 00:49:15,912 WARNING ast_extractor: spec=160 (MCConsensus): extraction failed
2026-04-27 00:49:16,125 WARNING ast_extractor: SANY failed for MCPaxos: 
Fatal errors while parsing TLA+ spec in file /var/folders/nj/rhyfrhln2x76xrg36l6zy0680000gn/T/tmp6ifomlw8/MCPaxos.tla

In module MCPaxos

Cannot find source file for module Paxos imported in module M
2026-04-27 00:49:16,137 WARNING ast_extractor: spec=161 (MCPaxos): extraction failed
2026-04-27 00:49:16,350 WARNING ast_extractor: SANY failed for MCVoting: 
Fatal errors while parsing TLA+ spec in file /var/folders/nj/rhyfrhln2x76xrg36l6zy0680000gn/T/tmp02gzyj7z/MCVoting.tla

In module MCVoting

Cannot find source file for module Voting imported in modul
2026-04-27 00:49:16,362 WARNING ast_extractor: spec=162 (MCVoting): extraction failed
2026-04-27 00:49:16,582 WARNING ast_extractor: SANY failed for Paxos: 
Fatal errors while parsing TLA+ spec in file /var/folders/nj/rhyfrhln2x76xrg36l6zy0680000gn/T/tmpnlqw8_cw/Paxos.tla

In module Paxos

Cannot find source file for module Voting imported in module Paxo
2026-04-27 00:49:16,594 WARNING ast_extractor: spec=163 (Paxos): extraction failed
2026-04-27 00:49:16,821 WARNING ast_extractor: SANY failed for Voting: 
Fatal errors while parsing TLA+ spec in file /var/folders/nj/rhyfrhln2x76xrg36l6zy0680000gn/T/tmpjd2ht4dh/Voting.tla

In module Voting

Cannot find source file for module TLAPS imported in module Vot
2026-04-27 00:49:16,832 WARNING ast_extractor: spec=164 (Voting): extraction failed
2026-04-27 00:49:17,045 WARNING ast_extractor: SANY failed for MCPrisoners: 
Fatal errors while parsing TLA+ spec in file /var/folders/nj/rhyfrhln2x76xrg36l6zy0680000gn/T/tmpgefl2drc/MCPrisoners.tla

In module MCPrisoners

Cannot find source file for module Prisoners imported
2026-04-27 00:49:17,057 WARNING ast_extractor: spec=165 (MCPrisoners): extraction failed
2026-04-27 00:49:17,603 WARNING ast_extractor: SANY failed for MC: 
Fatal errors while parsing TLA+ spec in file /var/folders/nj/rhyfrhln2x76xrg36l6zy0680000gn/T/tmpais_v_6u/MC.tla

In module MC

Cannot find source file for module ReadersWriters imported in module MC
2026-04-27 00:49:17,613 WARNING ast_extractor: spec=167 (MC): extraction failed
2026-04-27 00:49:18,195 WARNING ast_extractor: SANY failed for FastPaxos: 
Fatal errors while parsing TLA+ spec in file /var/folders/nj/rhyfrhln2x76xrg36l6zy0680000gn/T/tmpobhn9xqk/FastPaxos.tla

In module FastPaxos

Cannot find source file for module Paxos imported in modu
2026-04-27 00:49:18,206 WARNING ast_extractor: spec=169 (FastPaxos): extraction failed
2026-04-27 00:49:18,442 WARNING ast_extractor: SANY failed for Paxos: 
Fatal errors while parsing TLA+ spec in file /var/folders/nj/rhyfrhln2x76xrg36l6zy0680000gn/T/tmpjgnaspwd/Paxos.tla

In module Paxos

Cannot find source file for module Voting imported in module Paxo
2026-04-27 00:49:18,454 WARNING ast_extractor: spec=170 (Paxos): extraction failed
2026-04-27 00:49:18,654 WARNING ast_extractor: SANY failed for MC: 
Fatal errors while parsing TLA+ spec in file /var/folders/nj/rhyfrhln2x76xrg36l6zy0680000gn/T/tmpslwbua8u/MC.tla

In module MC

Cannot find source file for module ReadersWriters imported in module MC
2026-04-27 00:49:18,665 WARNING ast_extractor: spec=171 (MC): extraction failed
2026-04-27 00:49:19,946 WARNING ast_extractor: SANY failed for MC_spanning: 
Fatal errors while parsing TLA+ spec in file /var/folders/nj/rhyfrhln2x76xrg36l6zy0680000gn/T/tmpg0e_qudi/MC_spanning.tla

In module MC_spanning

Cannot find source file for module spanning imported 
2026-04-27 00:49:19,957 WARNING ast_extractor: spec=175 (MC_spanning): extraction failed
2026-04-27 00:49:21,965 WARNING ast_extractor: SANY failed for MC_sums_even: 
Fatal errors while parsing TLA+ spec in file /var/folders/nj/rhyfrhln2x76xrg36l6zy0680000gn/T/tmpn1ilo0jx/MC_sums_even.tla

In module MC_sums_even

Cannot find source file for module sums_even import
2026-04-27 00:49:21,975 WARNING ast_extractor: spec=181 (MC_sums_even): extraction failed
2026-04-27 00:49:22,231 WARNING ast_extractor: SANY failed for sums_even: 
Fatal errors while parsing TLA+ spec in file /var/folders/nj/rhyfrhln2x76xrg36l6zy0680000gn/T/tmplozpyfwv/sums_even.tla

In module sums_even

Cannot find source file for module TLAPS imported in modu
2026-04-27 00:49:22,244 WARNING ast_extractor: spec=182 (sums_even): extraction failed
2026-04-27 00:49:22,821 WARNING ast_extractor: SANY failed for MCtcp: 
Fatal errors while parsing TLA+ spec in file /var/folders/nj/rhyfrhln2x76xrg36l6zy0680000gn/T/tmp3bra0nrj/MCtcp.tla

In module MCtcp

Cannot find source file for module tcp imported in module MCtcp.

2026-04-27 00:49:22,831 WARNING ast_extractor: spec=184 (MCtcp): extraction failed
2026-04-27 00:49:23,647 WARNING ast_extractor: SANY failed for Simple: 
Fatal errors while parsing TLA+ spec in file /var/folders/nj/rhyfrhln2x76xrg36l6zy0680000gn/T/tmpd5n203ly/Simple.tla

In module Simple

Cannot find source file for module TLAPS imported in module Sim
2026-04-27 00:49:23,658 WARNING ast_extractor: spec=186 (Simple): extraction failed
2026-04-27 00:49:23,881 WARNING ast_extractor: SANY failed for SimpleRegular: 
Fatal errors while parsing TLA+ spec in file /var/folders/nj/rhyfrhln2x76xrg36l6zy0680000gn/T/tmpm7picuf0/SimpleRegular.tla

In module SimpleRegular

Cannot find source file for module TLAPS imported
2026-04-27 00:49:23,892 WARNING ast_extractor: spec=187 (SimpleRegular): extraction failed
2026-04-27 00:49:24,123 WARNING ast_extractor: SANY failed for TestGraphs: 
Fatal errors while parsing TLA+ spec in file /var/folders/nj/rhyfrhln2x76xrg36l6zy0680000gn/T/tmpts1svrtk/TestGraphs.tla

In module TestGraphs

Cannot find source file for module TLCMC imported in mo
2026-04-27 00:49:24,135 WARNING ast_extractor: spec=188 (TestGraphs): extraction failed
2026-04-27 00:49:25,063 WARNING ast_extractor: SANY failed for Hanoi: 
Fatal errors while parsing TLA+ spec in file /var/folders/nj/rhyfrhln2x76xrg36l6zy0680000gn/T/tmplmu2a9h6/Hanoi.tla

In module Hanoi

Cannot find source file for module Bits imported in module Hanoi.
2026-04-27 00:49:25,074 WARNING ast_extractor: spec=191 (Hanoi): extraction failed
2026-04-27 00:49:26,066 WARNING ast_extractor: SANY failed for PaxosCommit: 
Fatal errors while parsing TLA+ spec in file /var/folders/nj/rhyfrhln2x76xrg36l6zy0680000gn/T/tmphbe6e75z/PaxosCommit.tla

In module PaxosCommit

Cannot find source file for module TCommit imported i
2026-04-27 00:49:26,078 WARNING ast_extractor: spec=194 (PaxosCommit): extraction failed
2026-04-27 00:49:26,594 WARNING ast_extractor: SANY failed for TwoPhase: 
Fatal errors while parsing TLA+ spec in file /var/folders/nj/rhyfrhln2x76xrg36l6zy0680000gn/T/tmpvywwuhm9/TwoPhase.tla

In module TwoPhase

Cannot find source file for module TCommit imported in modu
2026-04-27 00:49:26,605 WARNING ast_extractor: spec=196 (TwoPhase): extraction failed
2026-04-27 00:49:27,013 INFO ast_extractor: progress: 80/206 (39%)
2026-04-27 00:49:27,500 WARNING ast_extractor: SANY failed for MCTwoPhase: 
Fatal errors while parsing TLA+ spec in file /var/folders/nj/rhyfrhln2x76xrg36l6zy0680000gn/T/tmpmgcov4wk/MCTwoPhase.tla

In module MCTwoPhase

Cannot find source file for module TwoPhase imported in
2026-04-27 00:49:27,510 WARNING ast_extractor: spec=199 (MCTwoPhase): extraction failed
2026-04-27 00:49:28,156 WARNING ast_extractor: SANY failed for TwoPhase: 
Fatal errors while parsing TLA+ spec in file /var/folders/nj/rhyfrhln2x76xrg36l6zy0680000gn/T/tmprae_tg8e/TwoPhase.tla

In module TwoPhase

Cannot find source file for module TCommit imported in modu
2026-04-27 00:49:28,167 WARNING ast_extractor: spec=201 (TwoPhase): extraction failed
2026-04-27 00:49:28,380 WARNING ast_extractor: SANY failed for MCYoYoNoPruning: 
Fatal errors while parsing TLA+ spec in file /var/folders/nj/rhyfrhln2x76xrg36l6zy0680000gn/T/tmp_ymt6jzf/MCYoYoNoPruning.tla

In module MCYoYoNoPruning

Cannot find source file for module YoYoNoPrun
2026-04-27 00:49:28,392 WARNING ast_extractor: spec=202 (MCYoYoNoPruning): extraction failed
2026-04-27 00:49:28,603 WARNING ast_extractor: SANY failed for MCYoYoPruning: 
Fatal errors while parsing TLA+ spec in file /var/folders/nj/rhyfrhln2x76xrg36l6zy0680000gn/T/tmppk8r19xa/MCYoYoPruning.tla

In module MCYoYoPruning

Cannot find source file for module YoYoPruning im
2026-04-27 00:49:28,614 WARNING ast_extractor: spec=203 (MCYoYoPruning): extraction failed
2026-04-27 00:49:30,509 INFO ast_extractor: done: 85 success, 120 failed, 1 skipped (of 206)
2026-04-27 00:51:44,162 INFO ast_extractor: done: 1 success, 0 failed, 0 skipped (of 1)
2026-04-27 00:51:51,042 WARNING ast_extractor: SANY failed for ACP_NB: 
Fatal errors while parsing TLA+ spec in file /var/folders/nj/rhyfrhln2x76xrg36l6zy0680000gn/T/tmp2vobrys3/ACP_NB.tla

In module ACP_NB

Cannot find source file for module ACP_SB imported in module AC
2026-04-27 00:51:51,050 WARNING ast_extractor: spec=2 (ACP_NB): extraction failed
2026-04-27 00:51:51,226 WARNING ast_extractor: SANY failed for ACP_NB_TLC: 
Fatal errors while parsing TLA+ spec in file /var/folders/nj/rhyfrhln2x76xrg36l6zy0680000gn/T/tmpou558y2p/ACP_NB_TLC.tla

In module ACP_NB_TLC

Cannot find source file for module ACP_NB imported in m
2026-04-27 00:51:51,234 WARNING ast_extractor: spec=3 (ACP_NB_TLC): extraction failed
2026-04-27 00:51:51,383 WARNING ast_extractor: SANY failed for ACP_NB_WRONG_TLC: 
Fatal errors while parsing TLA+ spec in file /var/folders/nj/rhyfrhln2x76xrg36l6zy0680000gn/T/tmpcrhaarjm/ACP_NB_WRONG_TLC.tla

In module ACP_NB_WRONG_TLC

Cannot find source file for module ACP_SB i
2026-04-27 00:51:51,391 WARNING ast_extractor: spec=4 (ACP_NB_WRONG_TLC): extraction failed
2026-04-27 00:51:51,781 WARNING ast_extractor: SANY failed for ACP_SB_TLC: 
Fatal errors while parsing TLA+ spec in file /var/folders/nj/rhyfrhln2x76xrg36l6zy0680000gn/T/tmp9ool9uty/ACP_SB_TLC.tla

In module ACP_SB_TLC

Cannot find source file for module ACP_SB imported in m
2026-04-27 00:51:51,789 WARNING ast_extractor: spec=6 (ACP_SB_TLC): extraction failed
2026-04-27 00:51:51,949 WARNING ast_extractor: SANY failed for AllocatorImplementation: 
Fatal errors while parsing TLA+ spec in file /var/folders/nj/rhyfrhln2x76xrg36l6zy0680000gn/T/tmpqnr_5mnu/AllocatorImplementation.tla

In module AllocatorImplementation

Cannot find source file for m
2026-04-27 00:51:51,957 WARNING ast_extractor: spec=7 (AllocatorImplementation): extraction failed
2026-04-27 00:51:52,088 WARNING ast_extractor: SANY failed for AllocatorRefinement: 
Fatal errors while parsing TLA+ spec in file /var/folders/nj/rhyfrhln2x76xrg36l6zy0680000gn/T/tmpwf7pfcas/AllocatorRefinement.tla

In module AllocatorRefinement

Cannot find source file for module Sc
2026-04-27 00:51:52,096 WARNING ast_extractor: spec=8 (AllocatorRefinement): extraction failed
2026-04-27 00:51:52,804 WARNING ast_extractor: SANY failed for Bakery: 
Fatal errors while parsing TLA+ spec in file /var/folders/nj/rhyfrhln2x76xrg36l6zy0680000gn/T/tmpi_bmkow5/Bakery.tla

In module Bakery

Cannot find source file for module TLAPS imported in module Bak
2026-04-27 00:51:52,812 WARNING ast_extractor: spec=11 (Bakery): extraction failed
2026-04-27 00:51:53,026 WARNING ast_extractor: SANY failed for Boulanger: 
Fatal errors while parsing TLA+ spec in file /var/folders/nj/rhyfrhln2x76xrg36l6zy0680000gn/T/tmp3qeflap8/Boulanger.tla

In module Boulanger

Cannot find source file for module TLAPS imported in modu
2026-04-27 00:51:53,034 WARNING ast_extractor: spec=12 (Boulanger): extraction failed
2026-04-27 00:51:53,170 WARNING ast_extractor: SANY failed for MCBakery: 
Fatal errors while parsing TLA+ spec in file /var/folders/nj/rhyfrhln2x76xrg36l6zy0680000gn/T/tmpn3oty8cd/MCBakery.tla

In module MCBakery

Cannot find source file for module Bakery imported in modul
2026-04-27 00:51:53,178 WARNING ast_extractor: spec=13 (MCBakery): extraction failed
2026-04-27 00:51:53,319 WARNING ast_extractor: SANY failed for MCBoulanger: 
Fatal errors while parsing TLA+ spec in file /var/folders/nj/rhyfrhln2x76xrg36l6zy0680000gn/T/tmpmti2jv3v/MCBoulanger.tla

In module MCBoulanger

Cannot find source file for module Boulanger imported
2026-04-27 00:51:53,327 WARNING ast_extractor: spec=14 (MCBoulanger): extraction failed
2026-04-27 00:51:53,539 WARNING ast_extractor: SANY failed for bcastByz: 
Fatal errors while parsing TLA+ spec in file /var/folders/nj/rhyfrhln2x76xrg36l6zy0680000gn/T/tmpu45fxsrs/bcastByz.tla

In module bcastByz

Cannot find source file for module FiniteSetTheorems import
2026-04-27 00:51:53,547 WARNING ast_extractor: spec=15 (bcastByz): extraction failed
2026-04-27 00:51:54,197 WARNING ast_extractor: SANY failed for 18: 
Fatal errors while parsing TLA+ spec in file /var/folders/nj/rhyfrhln2x76xrg36l6zy0680000gn/T/tmp59yblqyc/18.tla

Unknown location

File name '18' does not match the name 'BufferedRandomAccessFile' o
2026-04-27 00:51:54,203 WARNING ast_extractor: spec=18 (18): extraction failed
2026-04-27 00:51:54,360 WARNING ast_extractor: SANY failed for VoucherCancel: 
Fatal errors while parsing TLA+ spec in file /var/folders/nj/rhyfrhln2x76xrg36l6zy0680000gn/T/tmpo4pnea15/VoucherCancel.tla

In module VoucherCancel

Cannot find source file for module VoucherLifeCyc
2026-04-27 00:51:54,367 WARNING ast_extractor: spec=19 (VoucherCancel): extraction failed
2026-04-27 00:51:54,553 WARNING ast_extractor: SANY failed for VoucherIssue: 
Fatal errors while parsing TLA+ spec in file /var/folders/nj/rhyfrhln2x76xrg36l6zy0680000gn/T/tmppsbcwiy3/VoucherIssue.tla

In module VoucherIssue

Cannot find source file for module VoucherLifeCycle
2026-04-27 00:51:54,569 WARNING ast_extractor: spec=20 (VoucherIssue): extraction failed
2026-04-27 00:51:54,932 WARNING ast_extractor: SANY failed for VoucherRedeem: 
Fatal errors while parsing TLA+ spec in file /var/folders/nj/rhyfrhln2x76xrg36l6zy0680000gn/T/tmp42_j0a19/VoucherRedeem.tla

In module VoucherRedeem

Cannot find source file for module VoucherLifeCyc
2026-04-27 00:51:54,940 WARNING ast_extractor: spec=22 (VoucherRedeem): extraction failed
2026-04-27 00:51:55,095 WARNING ast_extractor: SANY failed for VoucherTransfer: 
Fatal errors while parsing TLA+ spec in file /var/folders/nj/rhyfrhln2x76xrg36l6zy0680000gn/T/tmp7vtx2ha_/VoucherTransfer.tla

In module VoucherTransfer

Cannot find source file for module VoucherLif
2026-04-27 00:51:55,102 WARNING ast_extractor: spec=23 (VoucherTransfer): extraction failed
2026-04-27 00:51:55,321 WARNING ast_extractor: SANY failed for BPConProof: 
Fatal errors while parsing TLA+ spec in file /var/folders/nj/rhyfrhln2x76xrg36l6zy0680000gn/T/tmpp98c47d8/BPConProof.tla

In module BPConProof

Cannot find source file for module FiniteSetTheorems im
2026-04-27 00:51:55,329 WARNING ast_extractor: spec=24 (BPConProof): extraction failed
2026-04-27 00:51:55,480 WARNING ast_extractor: SANY failed for Consensus: 
Fatal errors while parsing TLA+ spec in file /var/folders/nj/rhyfrhln2x76xrg36l6zy0680000gn/T/tmp50xnewr2/Consensus.tla

In module Consensus

Cannot find source file for module TLAPS imported in modu
2026-04-27 00:51:55,488 WARNING ast_extractor: spec=25 (Consensus): extraction failed
2026-04-27 00:51:55,653 WARNING ast_extractor: SANY failed for PConProof: 
Fatal errors while parsing TLA+ spec in file /var/folders/nj/rhyfrhln2x76xrg36l6zy0680000gn/T/tmpk9k6f8jq/PConProof.tla

In module PConProof

Cannot find source file for module TLAPS imported in modu
2026-04-27 00:51:55,661 WARNING ast_extractor: spec=26 (PConProof): extraction failed
2026-04-27 00:51:55,860 WARNING ast_extractor: SANY failed for VoteProof: 
Fatal errors while parsing TLA+ spec in file /var/folders/nj/rhyfrhln2x76xrg36l6zy0680000gn/T/tmpof4s7vj5/VoteProof.tla

In module VoteProof

Cannot find source file for module NaturalsInduction impo
2026-04-27 00:51:55,868 WARNING ast_extractor: spec=27 (VoteProof): extraction failed
2026-04-27 00:51:57,516 WARNING ast_extractor: SANY failed for MCChangRoberts: 
Fatal errors while parsing TLA+ spec in file /var/folders/nj/rhyfrhln2x76xrg36l6zy0680000gn/T/tmpa0m0z4uz/MCChangRoberts.tla

In module MCChangRoberts

Cannot find source file for module ChangRoberts
2026-04-27 00:51:57,524 WARNING ast_extractor: spec=34 (MCChangRoberts): extraction failed
2026-04-27 00:51:57,979 WARNING ast_extractor: SANY failed for MCCheckpointCoordination: 
Fatal errors while parsing TLA+ spec in file /var/folders/nj/rhyfrhln2x76xrg36l6zy0680000gn/T/tmpdm17gyxr/MCCheckpointCoordination.tla

In module MCCheckpointCoordination

Cannot find source file for
2026-04-27 00:51:57,987 WARNING ast_extractor: spec=36 (MCCheckpointCoordination): extraction failed
2026-04-27 00:51:58,871 WARNING ast_extractor: SANY failed for EnvironmentController: 
Fatal errors while parsing TLA+ spec in file /var/folders/nj/rhyfrhln2x76xrg36l6zy0680000gn/T/tmpk8317wze/EnvironmentController.tla

In module EnvironmentController

Cannot find source file for modul
2026-04-27 00:51:58,880 WARNING ast_extractor: spec=40 (EnvironmentController): extraction failed
2026-04-27 00:51:59,594 INFO ast_extractor: progress: 20/206 (10%)
2026-04-27 00:51:59,728 WARNING ast_extractor: SANY failed for MCDieHarder: 
Fatal errors while parsing TLA+ spec in file /var/folders/nj/rhyfrhln2x76xrg36l6zy0680000gn/T/tmpt5je7k4s/MCDieHarder.tla

In module MCDieHarder

Cannot find source file for module DieHarder imported
2026-04-27 00:51:59,736 WARNING ast_extractor: spec=44 (MCDieHarder): extraction failed
2026-04-27 00:52:00,436 WARNING ast_extractor: SANY failed for DiskSynod: 
Fatal errors while parsing TLA+ spec in file /var/folders/nj/rhyfrhln2x76xrg36l6zy0680000gn/T/tmp_g9yqmxp/DiskSynod.tla

In module DiskSynod

Cannot find source file for module Synod imported in modu
2026-04-27 00:52:00,444 WARNING ast_extractor: spec=47 (DiskSynod): extraction failed
2026-04-27 00:52:00,596 WARNING ast_extractor: SANY failed for HDiskSynod: 
Fatal errors while parsing TLA+ spec in file /var/folders/nj/rhyfrhln2x76xrg36l6zy0680000gn/T/tmpxjsgzhrk/HDiskSynod.tla

In module HDiskSynod

Cannot find source file for module DiskSynod imported i
2026-04-27 00:52:00,604 WARNING ast_extractor: spec=48 (HDiskSynod): extraction failed
2026-04-27 00:52:00,742 WARNING ast_extractor: SANY failed for MC_HDiskSynod: 
Fatal errors while parsing TLA+ spec in file /var/folders/nj/rhyfrhln2x76xrg36l6zy0680000gn/T/tmploq6cepa/MC_HDiskSynod.tla

In module MC_HDiskSynod

Cannot find source file for module HDiskSynod imp
2026-04-27 00:52:00,750 WARNING ast_extractor: spec=49 (MC_HDiskSynod): extraction failed
2026-04-27 00:52:00,889 WARNING ast_extractor: SANY failed for 50: 
Fatal errors while parsing TLA+ spec in file /var/folders/nj/rhyfrhln2x76xrg36l6zy0680000gn/T/tmpblxc20t0/50.tla

Unknown location

File name '50' does not match the name 'Synod' of the top level mod
2026-04-27 00:52:00,895 WARNING ast_extractor: spec=50 (50): extraction failed
2026-04-27 00:52:01,055 WARNING ast_extractor: SANY failed for Disruptor_MPMC: 
Fatal errors while parsing TLA+ spec in file /var/folders/nj/rhyfrhln2x76xrg36l6zy0680000gn/T/tmpsziiflof/Disruptor_MPMC.tla

In module Disruptor_MPMC

Cannot find source file for module RingBuffer i
2026-04-27 00:52:01,063 WARNING ast_extractor: spec=51 (Disruptor_MPMC): extraction failed
2026-04-27 00:52:01,218 WARNING ast_extractor: SANY failed for Disruptor_SPMC: 
Fatal errors while parsing TLA+ spec in file /var/folders/nj/rhyfrhln2x76xrg36l6zy0680000gn/T/tmp8cooydan/Disruptor_SPMC.tla

In module Disruptor_SPMC

Cannot find source file for module RingBuffer i
2026-04-27 00:52:01,225 WARNING ast_extractor: spec=52 (Disruptor_SPMC): extraction failed
2026-04-27 00:52:01,898 WARNING ast_extractor: SANY failed for MCEcho: 
Fatal errors while parsing TLA+ spec in file /var/folders/nj/rhyfrhln2x76xrg36l6zy0680000gn/T/tmpkkgv3ovq/MCEcho.tla

In module MCEcho

Cannot find source file for module Echo imported in module MCEc
2026-04-27 00:52:01,906 WARNING ast_extractor: spec=55 (MCEcho): extraction failed
2026-04-27 00:52:02,299 WARNING ast_extractor: SANY failed for Einstein: 
Fatal errors while parsing TLA+ spec in file /var/folders/nj/rhyfrhln2x76xrg36l6zy0680000gn/T/tmppr4iziyx/Einstein.tla

In module Einstein

Cannot find source file for module Apalache imported in mod
2026-04-27 00:52:02,307 WARNING ast_extractor: spec=57 (Einstein): extraction failed
2026-04-27 00:52:02,473 WARNING ast_extractor: SANY failed for SimTokenRing: 
Fatal errors while parsing TLA+ spec in file /var/folders/nj/rhyfrhln2x76xrg36l6zy0680000gn/T/tmpfpbxegql/SimTokenRing.tla

In module SimTokenRing

Cannot find source file for module TokenRing import
2026-04-27 00:52:02,480 WARNING ast_extractor: spec=58 (SimTokenRing): extraction failed
2026-04-27 00:52:02,868 WARNING ast_extractor: SANY failed for EWD687a_anim: 
Fatal errors while parsing TLA+ spec in file /var/folders/nj/rhyfrhln2x76xrg36l6zy0680000gn/T/tmpf55piy0o/EWD687a_anim.tla

In module EWD687a_anim

Cannot find source file for module EWD687a imported
2026-04-27 00:52:02,875 WARNING ast_extractor: spec=60 (EWD687a_anim): extraction failed
2026-04-27 00:52:03,724 WARNING ast_extractor: SANY failed for MCEWD687a: 
Fatal errors while parsing TLA+ spec in file /var/folders/nj/rhyfrhln2x76xrg36l6zy0680000gn/T/tmpcz9vfx2f/MCEWD687a.tla

In module MCEWD687a

Cannot find source file for module EWD687a imported in mo
2026-04-27 00:52:03,732 WARNING ast_extractor: spec=63 (MCEWD687a): extraction failed
2026-04-27 00:52:03,890 WARNING ast_extractor: SANY failed for EWD840_anim: 
Fatal errors while parsing TLA+ spec in file /var/folders/nj/rhyfrhln2x76xrg36l6zy0680000gn/T/tmp0dewtax5/EWD840_anim.tla

In module EWD840_anim

Cannot find source file for module EWD840 imported in
2026-04-27 00:52:03,898 WARNING ast_extractor: spec=64 (EWD840_anim): extraction failed
2026-04-27 00:52:04,090 WARNING ast_extractor: SANY failed for EWD840: 
Fatal errors while parsing TLA+ spec in file /var/folders/nj/rhyfrhln2x76xrg36l6zy0680000gn/T/tmpu_0r73x0/EWD840.tla

In module EWD840

Cannot find source file for module SyncTerminationDetection imp
2026-04-27 00:52:04,098 WARNING ast_extractor: spec=65 (EWD840): extraction failed
2026-04-27 00:52:04,241 WARNING ast_extractor: SANY failed for EWD840_json: 
Fatal errors while parsing TLA+ spec in file /var/folders/nj/rhyfrhln2x76xrg36l6zy0680000gn/T/tmpk_zqcyr_/EWD840_json.tla

In module EWD840_json

Cannot find source file for module EWD840 imported in
2026-04-27 00:52:04,249 WARNING ast_extractor: spec=66 (EWD840_json): extraction failed
2026-04-27 00:52:04,399 WARNING ast_extractor: SANY failed for EWD840_proof: 
Fatal errors while parsing TLA+ spec in file /var/folders/nj/rhyfrhln2x76xrg36l6zy0680000gn/T/tmphr6siaps/EWD840_proof.tla

In module EWD840_proof

Cannot find source file for module EWD840 imported 
2026-04-27 00:52:04,407 WARNING ast_extractor: spec=67 (EWD840_proof): extraction failed
2026-04-27 00:52:05,273 WARNING ast_extractor: SANY failed for AsyncTerminationDetection_proof: 
Fatal errors while parsing TLA+ spec in file /var/folders/nj/rhyfrhln2x76xrg36l6zy0680000gn/T/tmpwy2ndms8/AsyncTerminationDetection_proof.tla

In module AsyncTerminationDetection_proof

Cannot find s
2026-04-27 00:52:05,281 WARNING ast_extractor: spec=71 (AsyncTerminationDetection_proof): extraction failed
2026-04-27 00:52:05,460 WARNING ast_extractor: SANY failed for EWD998_anim: 
Fatal errors while parsing TLA+ spec in file /var/folders/nj/rhyfrhln2x76xrg36l6zy0680000gn/T/tmp3sxyt813/EWD998_anim.tla

In module EWD998_anim

Cannot find source file for module EWD998ChanID impor
2026-04-27 00:52:05,468 WARNING ast_extractor: spec=72 (EWD998_anim): extraction failed
2026-04-27 00:52:05,687 WARNING ast_extractor: SANY failed for EWD998Chan: 
Fatal errors while parsing TLA+ spec in file /var/folders/nj/rhyfrhln2x76xrg36l6zy0680000gn/T/tmpg9_uu9ok/EWD998Chan.tla

In module EWD998Chan

Cannot find source file for module Utils imported in mo
2026-04-27 00:52:05,695 WARNING ast_extractor: spec=73 (EWD998Chan): extraction failed
2026-04-27 00:52:05,867 WARNING ast_extractor: SANY failed for EWD998ChanID: 
Fatal errors while parsing TLA+ spec in file /var/folders/nj/rhyfrhln2x76xrg36l6zy0680000gn/T/tmpv_0v382l/EWD998ChanID.tla

In module EWD998ChanID

Cannot find source file for module Utils imported i
2026-04-27 00:52:05,875 WARNING ast_extractor: spec=74 (EWD998ChanID): extraction failed
2026-04-27 00:52:06,019 WARNING ast_extractor: SANY failed for EWD998ChanID_export: 
Fatal errors while parsing TLA+ spec in file /var/folders/nj/rhyfrhln2x76xrg36l6zy0680000gn/T/tmpphuzan9o/EWD998ChanID_export.tla

In module EWD998ChanID_export

Cannot find source file for module EW
2026-04-27 00:52:06,027 WARNING ast_extractor: spec=75 (EWD998ChanID_export): extraction failed
2026-04-27 00:52:06,194 WARNING ast_extractor: SANY failed for EWD998ChanID_shiviz: 
Fatal errors while parsing TLA+ spec in file /var/folders/nj/rhyfrhln2x76xrg36l6zy0680000gn/T/tmpqj98s355/EWD998ChanID_shiviz.tla

In module EWD998ChanID_shiviz

Cannot find source file for module EW
2026-04-27 00:52:06,203 WARNING ast_extractor: spec=76 (EWD998ChanID_shiviz): extraction failed
2026-04-27 00:52:06,377 WARNING ast_extractor: SANY failed for EWD998Chan_opts: 
Fatal errors while parsing TLA+ spec in file /var/folders/nj/rhyfrhln2x76xrg36l6zy0680000gn/T/tmpi6b0p4ff/EWD998Chan_opts.tla

In module EWD998Chan_opts

Cannot find source file for module EWD998Chan
2026-04-27 00:52:06,385 WARNING ast_extractor: spec=77 (EWD998Chan_opts): extraction failed
2026-04-27 00:52:06,589 WARNING ast_extractor: SANY failed for EWD998ChanTrace: 
Fatal errors while parsing TLA+ spec in file /var/folders/nj/rhyfrhln2x76xrg36l6zy0680000gn/T/tmp0a6pal91/EWD998ChanTrace.tla

In module EWD998ChanTrace

Cannot find source file for module EWD998Chan
2026-04-27 00:52:06,600 WARNING ast_extractor: spec=78 (EWD998ChanTrace): extraction failed
2026-04-27 00:52:06,821 WARNING ast_extractor: SANY failed for EWD998: 
Fatal errors while parsing TLA+ spec in file /var/folders/nj/rhyfrhln2x76xrg36l6zy0680000gn/T/tmpomhpdze7/EWD998.tla

In module EWD998

Cannot find source file for module AsyncTerminationDetection im
2026-04-27 00:52:06,829 WARNING ast_extractor: spec=79 (EWD998): extraction failed
2026-04-27 00:52:06,995 WARNING ast_extractor: SANY failed for EWD998_opts: 
Fatal errors while parsing TLA+ spec in file /var/folders/nj/rhyfrhln2x76xrg36l6zy0680000gn/T/tmpysmtcu5l/EWD998_opts.tla

In module EWD998_opts

Cannot find source file for module EWD998 imported in
2026-04-27 00:52:07,003 WARNING ast_extractor: spec=80 (EWD998_opts): extraction failed
2026-04-27 00:52:07,556 WARNING ast_extractor: SANY failed for EWD998PCal: 
Fatal errors while parsing TLA+ spec in file /var/folders/nj/rhyfrhln2x76xrg36l6zy0680000gn/T/tmpjtofafk7/EWD998PCal.tla

In module EWD998PCal

Cannot find source file for module EWD998 imported in m
2026-04-27 00:52:07,564 WARNING ast_extractor: spec=82 (EWD998PCal): extraction failed
2026-04-27 00:52:07,757 WARNING ast_extractor: SANY failed for EWD998_proof: 
Fatal errors while parsing TLA+ spec in file /var/folders/nj/rhyfrhln2x76xrg36l6zy0680000gn/T/tmpgus983vr/EWD998_proof.tla

In module EWD998_proof

Cannot find source file for module EWD998 imported 
2026-04-27 00:52:07,765 WARNING ast_extractor: spec=83 (EWD998_proof): extraction failed
2026-04-27 00:52:07,908 WARNING ast_extractor: SANY failed for SmokeEWD998: 
Fatal errors while parsing TLA+ spec in file /var/folders/nj/rhyfrhln2x76xrg36l6zy0680000gn/T/tmp0dzl_k0q/SmokeEWD998.tla

In module SmokeEWD998

Cannot find source file for module EWD998 imported in
2026-04-27 00:52:07,916 WARNING ast_extractor: spec=84 (SmokeEWD998): extraction failed
2026-04-27 00:52:09,286 WARNING ast_extractor: SANY failed for CRDT_proof: 
Fatal errors while parsing TLA+ spec in file /var/folders/nj/rhyfrhln2x76xrg36l6zy0680000gn/T/tmpvttual__/CRDT_proof.tla

In module CRDT_proof

Cannot find source file for module CRDT imported in mod
2026-04-27 00:52:09,293 WARNING ast_extractor: spec=89 (CRDT_proof): extraction failed
2026-04-27 00:52:09,804 WARNING ast_extractor: SANY failed for MCCRDT: 
Fatal errors while parsing TLA+ spec in file /var/folders/nj/rhyfrhln2x76xrg36l6zy0680000gn/T/tmpvfhe1_8p/MCCRDT.tla

In module MCCRDT

Cannot find source file for module CRDT imported in module MCCR
2026-04-27 00:52:09,812 WARNING ast_extractor: spec=91 (MCCRDT): extraction failed
2026-04-27 00:52:09,950 WARNING ast_extractor: SANY failed for MCDistributedReplicatedLog: 
Fatal errors while parsing TLA+ spec in file /var/folders/nj/rhyfrhln2x76xrg36l6zy0680000gn/T/tmp0pp90aqk/MCDistributedReplicatedLog.tla

In module MCDistributedReplicatedLog

Cannot find source file
2026-04-27 00:52:09,958 WARNING ast_extractor: spec=92 (MCDistributedReplicatedLog): extraction failed
2026-04-27 00:52:10,098 WARNING ast_extractor: SANY failed for MCReplicatedLog: 
Fatal errors while parsing TLA+ spec in file /var/folders/nj/rhyfrhln2x76xrg36l6zy0680000gn/T/tmpibkc01_n/MCReplicatedLog.tla

In module MCReplicatedLog

Cannot find source file for module Replicated
2026-04-27 00:52:10,106 WARNING ast_extractor: spec=93 (MCReplicatedLog): extraction failed
2026-04-27 00:52:10,891 INFO ast_extractor: progress: 40/206 (19%)
2026-04-27 00:52:11,263 WARNING ast_extractor: SANY failed for product: 
Fatal errors while parsing TLA+ spec in file /var/folders/nj/rhyfrhln2x76xrg36l6zy0680000gn/T/tmpn42brkh8/product.tla

In module product

Cannot find source file for module stages imported in module 
2026-04-27 00:52:11,271 WARNING ast_extractor: spec=98 (product): extraction failed
2026-04-27 00:52:11,422 WARNING ast_extractor: SANY failed for stages: 
Fatal errors while parsing TLA+ spec in file /var/folders/nj/rhyfrhln2x76xrg36l6zy0680000gn/T/tmpiknd3r0e/stages.tla

In module stages

Cannot find source file for module clean imported in module sta
2026-04-27 00:52:11,430 WARNING ast_extractor: spec=99 (stages): extraction failed
2026-04-27 00:52:11,978 WARNING ast_extractor: SANY failed for ClientCentric: 
Fatal errors while parsing TLA+ spec in file /var/folders/nj/rhyfrhln2x76xrg36l6zy0680000gn/T/tmpjhhdhlck/ClientCentric.tla

In module ClientCentric

Cannot find source file for module Util imported 
2026-04-27 00:52:11,987 WARNING ast_extractor: spec=101 (ClientCentric): extraction failed
2026-04-27 00:52:12,402 WARNING ast_extractor: SANY failed for KVsnap: 
Fatal errors while parsing TLA+ spec in file /var/folders/nj/rhyfrhln2x76xrg36l6zy0680000gn/T/tmp3k34ewpp/KVsnap.tla

In module KVsnap

Cannot find source file for module Util imported in module KVsn
2026-04-27 00:52:12,410 WARNING ast_extractor: spec=103 (KVsnap): extraction failed
2026-04-27 00:52:12,586 WARNING ast_extractor: SANY failed for MCKVS: 
Fatal errors while parsing TLA+ spec in file /var/folders/nj/rhyfrhln2x76xrg36l6zy0680000gn/T/tmparj55ki3/MCKVS.tla

In module MCKVS

Cannot find source file for module KeyValueStore imported in modu
2026-04-27 00:52:12,594 WARNING ast_extractor: spec=104 (MCKVS): extraction failed
2026-04-27 00:52:13,757 WARNING ast_extractor: SANY failed for SimKnuthYao: 
Fatal errors while parsing TLA+ spec in file /var/folders/nj/rhyfrhln2x76xrg36l6zy0680000gn/T/tmpxnhqzg_7/SimKnuthYao.tla

In module SimKnuthYao

Cannot find source file for module KnuthYao imported 
2026-04-27 00:52:13,765 WARNING ast_extractor: spec=109 (SimKnuthYao): extraction failed
2026-04-27 00:52:14,436 WARNING ast_extractor: SANY failed for LamportMutex_proofs: 
Fatal errors while parsing TLA+ spec in file /var/folders/nj/rhyfrhln2x76xrg36l6zy0680000gn/T/tmpbevd5phh/LamportMutex_proofs.tla

In module LamportMutex_proofs

Cannot find source file for module La
2026-04-27 00:52:14,445 WARNING ast_extractor: spec=112 (LamportMutex_proofs): extraction failed
2026-04-27 00:52:14,586 WARNING ast_extractor: SANY failed for MCLamportMutex: 
Fatal errors while parsing TLA+ spec in file /var/folders/nj/rhyfrhln2x76xrg36l6zy0680000gn/T/tmpt0erse9j/MCLamportMutex.tla

In module MCLamportMutex

Cannot find source file for module LamportMutex
2026-04-27 00:52:14,594 WARNING ast_extractor: spec=113 (MCLamportMutex): extraction failed
2026-04-27 00:52:14,754 WARNING ast_extractor: SANY failed for NaturalsInduction: 
Fatal errors while parsing TLA+ spec in file /var/folders/nj/rhyfrhln2x76xrg36l6zy0680000gn/T/tmprlc5ihpi/NaturalsInduction.tla

In module NaturalsInduction

Cannot find source file for module TLAPS 
2026-04-27 00:52:14,762 WARNING ast_extractor: spec=114 (NaturalsInduction): extraction failed
2026-04-27 00:52:14,962 WARNING ast_extractor: SANY failed for SequenceTheorems: 
Fatal errors while parsing TLA+ spec in file /var/folders/nj/rhyfrhln2x76xrg36l6zy0680000gn/T/tmp0t3rjx_0/SequenceTheorems.tla

In module SequenceTheorems

Cannot find source file for module WellFoun
2026-04-27 00:52:14,970 WARNING ast_extractor: spec=115 (SequenceTheorems): extraction failed
2026-04-27 00:52:15,381 WARNING ast_extractor: SANY failed for WellFoundedInduction: 
Fatal errors while parsing TLA+ spec in file /var/folders/nj/rhyfrhln2x76xrg36l6zy0680000gn/T/tmpzb4n6tex/WellFoundedInduction.tla

In module WellFoundedInduction

Cannot find source file for module 
2026-04-27 00:52:15,389 WARNING ast_extractor: spec=117 (WellFoundedInduction): extraction failed
2026-04-27 00:52:15,571 WARNING ast_extractor: SANY failed for AddTwo: 
Fatal errors while parsing TLA+ spec in file /var/folders/nj/rhyfrhln2x76xrg36l6zy0680000gn/T/tmpg_iaebaa/AddTwo.tla

In module AddTwo

Cannot find source file for module TLAPS imported in module Add
2026-04-27 00:52:15,579 WARNING ast_extractor: spec=118 (AddTwo): extraction failed
2026-04-27 00:52:15,738 WARNING ast_extractor: SANY failed for FindHighest: 
Fatal errors while parsing TLA+ spec in file /var/folders/nj/rhyfrhln2x76xrg36l6zy0680000gn/T/tmp0v6eg1md/FindHighest.tla

In module FindHighest

Cannot find source file for module TLAPS imported in 
2026-04-27 00:52:15,746 WARNING ast_extractor: spec=119 (FindHighest): extraction failed
2026-04-27 00:52:15,746 WARNING ast_extractor: spec=120: .tla file not found, skipping
2026-04-27 00:52:15,904 WARNING ast_extractor: SANY failed for LeastCircularSubstring: 
Fatal errors while parsing TLA+ spec in file /var/folders/nj/rhyfrhln2x76xrg36l6zy0680000gn/T/tmphqyzug9u/LeastCircularSubstring.tla

In module LeastCircularSubstring

Cannot find source file for mod
2026-04-27 00:52:15,912 WARNING ast_extractor: spec=121 (LeastCircularSubstring): extraction failed
2026-04-27 00:52:16,053 WARNING ast_extractor: SANY failed for MCLeastCircularSubstring: 
Fatal errors while parsing TLA+ spec in file /var/folders/nj/rhyfrhln2x76xrg36l6zy0680000gn/T/tmps8blfdjh/MCLeastCircularSubstring.tla

In module MCLeastCircularSubstring

Cannot find source file for
2026-04-27 00:52:16,061 WARNING ast_extractor: spec=122 (MCLeastCircularSubstring): extraction failed
2026-04-27 00:52:16,843 WARNING ast_extractor: SANY failed for BinarySearch: 
Fatal errors while parsing TLA+ spec in file /var/folders/nj/rhyfrhln2x76xrg36l6zy0680000gn/T/tmp7qsdrc5a/BinarySearch.tla

In module BinarySearch

Cannot find source file for module TLAPS imported i
2026-04-27 00:52:16,851 WARNING ast_extractor: spec=125 (BinarySearch): extraction failed
2026-04-27 00:52:17,027 WARNING ast_extractor: SANY failed for MCBinarySearch: 
Fatal errors while parsing TLA+ spec in file /var/folders/nj/rhyfrhln2x76xrg36l6zy0680000gn/T/tmpt1fmcvhn/MCBinarySearch.tla

In module MCBinarySearch

Cannot find source file for module BinarySearch
2026-04-27 00:52:17,035 WARNING ast_extractor: spec=126 (MCBinarySearch): extraction failed
2026-04-27 00:52:17,179 WARNING ast_extractor: SANY failed for MCQuicksort: 
Fatal errors while parsing TLA+ spec in file /var/folders/nj/rhyfrhln2x76xrg36l6zy0680000gn/T/tmpno81txl1/MCQuicksort.tla

In module MCQuicksort

Cannot find source file for module Quicksort imported
2026-04-27 00:52:17,186 WARNING ast_extractor: spec=127 (MCQuicksort): extraction failed
2026-04-27 00:52:17,371 WARNING ast_extractor: SANY failed for Quicksort: 
Fatal errors while parsing TLA+ spec in file /var/folders/nj/rhyfrhln2x76xrg36l6zy0680000gn/T/tmp1zm864sn/Quicksort.tla

In module Quicksort

Cannot find source file for module TLAPS imported in modu
2026-04-27 00:52:17,379 WARNING ast_extractor: spec=128 (Quicksort): extraction failed
2026-04-27 00:52:17,566 WARNING ast_extractor: SANY failed for SumSequence: 
Fatal errors while parsing TLA+ spec in file /var/folders/nj/rhyfrhln2x76xrg36l6zy0680000gn/T/tmpyfj9r8ei/SumSequence.tla

In module SumSequence

Cannot find source file for module SequenceTheorems i
2026-04-27 00:52:17,574 WARNING ast_extractor: spec=129 (SumSequence): extraction failed
2026-04-27 00:52:17,979 WARNING ast_extractor: SANY failed for MajorityProof: 
Fatal errors while parsing TLA+ spec in file /var/folders/nj/rhyfrhln2x76xrg36l6zy0680000gn/T/tmpgiwyz_05/MajorityProof.tla

In module MajorityProof

Cannot find source file for module Majority impor
2026-04-27 00:52:17,987 WARNING ast_extractor: spec=131 (MajorityProof): extraction failed
2026-04-27 00:52:18,137 WARNING ast_extractor: SANY failed for MCMajority: 
Fatal errors while parsing TLA+ spec in file /var/folders/nj/rhyfrhln2x76xrg36l6zy0680000gn/T/tmppvmc3u2_/MCMajority.tla

In module MCMajority

Cannot find source file for module Majority imported in
2026-04-27 00:52:18,145 WARNING ast_extractor: spec=132 (MCMajority): extraction failed
2026-04-27 00:52:18,287 WARNING ast_extractor: SANY failed for MCParReach: 
Fatal errors while parsing TLA+ spec in file /var/folders/nj/rhyfrhln2x76xrg36l6zy0680000gn/T/tmpw4uy0geg/MCParReach.tla

In module MCParReach

Cannot find source file for module ParReach imported in
2026-04-27 00:52:18,295 WARNING ast_extractor: spec=133 (MCParReach): extraction failed
2026-04-27 00:52:18,438 WARNING ast_extractor: SANY failed for MCReachabilityTest: 
Fatal errors while parsing TLA+ spec in file /var/folders/nj/rhyfrhln2x76xrg36l6zy0680000gn/T/tmpsaeeyq49/MCReachabilityTest.tla

In module MCReachabilityTest

Cannot find source file for module Reac
2026-04-27 00:52:18,446 WARNING ast_extractor: spec=134 (MCReachabilityTest): extraction failed
2026-04-27 00:52:18,586 WARNING ast_extractor: SANY failed for MCReachable: 
Fatal errors while parsing TLA+ spec in file /var/folders/nj/rhyfrhln2x76xrg36l6zy0680000gn/T/tmpzcrcxp4q/MCReachable.tla

In module MCReachable

Cannot find source file for module Reachable imported
2026-04-27 00:52:18,593 WARNING ast_extractor: spec=135 (MCReachable): extraction failed
2026-04-27 00:52:18,749 WARNING ast_extractor: SANY failed for ParReach: 
Fatal errors while parsing TLA+ spec in file /var/folders/nj/rhyfrhln2x76xrg36l6zy0680000gn/T/tmphu7oykuo/ParReach.tla

In module ParReach

Cannot find source file for module Reachability imported in
2026-04-27 00:52:18,757 WARNING ast_extractor: spec=136 (ParReach): extraction failed
2026-04-27 00:52:18,910 WARNING ast_extractor: SANY failed for ParReachProofs: 
Fatal errors while parsing TLA+ spec in file /var/folders/nj/rhyfrhln2x76xrg36l6zy0680000gn/T/tmp74gz4p81/ParReachProofs.tla

In module ParReachProofs

Cannot find source file for module ParReach imp
2026-04-27 00:52:18,917 WARNING ast_extractor: spec=137 (ParReachProofs): extraction failed
2026-04-27 00:52:19,319 WARNING ast_extractor: SANY failed for ReachabilityProofs: 
Fatal errors while parsing TLA+ spec in file /var/folders/nj/rhyfrhln2x76xrg36l6zy0680000gn/T/tmpmb947dni/ReachabilityProofs.tla

In module ReachabilityProofs

Cannot find source file for module Reac
2026-04-27 00:52:19,327 WARNING ast_extractor: spec=139 (ReachabilityProofs): extraction failed
2026-04-27 00:52:19,477 WARNING ast_extractor: SANY failed for ReachabilityTest: 
Fatal errors while parsing TLA+ spec in file /var/folders/nj/rhyfrhln2x76xrg36l6zy0680000gn/T/tmp13lis1rg/ReachabilityTest.tla

In module ReachabilityTest

Cannot find source file for module TLAPS im
2026-04-27 00:52:19,485 WARNING ast_extractor: spec=140 (ReachabilityTest): extraction failed
2026-04-27 00:52:19,637 WARNING ast_extractor: SANY failed for Reachable: 
Fatal errors while parsing TLA+ spec in file /var/folders/nj/rhyfrhln2x76xrg36l6zy0680000gn/T/tmpztays242/Reachable.tla

In module Reachable

Cannot find source file for module Reachability imported 
2026-04-27 00:52:19,645 WARNING ast_extractor: spec=141 (Reachable): extraction failed
2026-04-27 00:52:19,802 WARNING ast_extractor: SANY failed for ReachableProofs: 
Fatal errors while parsing TLA+ spec in file /var/folders/nj/rhyfrhln2x76xrg36l6zy0680000gn/T/tmpl2zkxe3q/ReachableProofs.tla

In module ReachableProofs

Cannot find source file for module Reachable 
2026-04-27 00:52:19,810 WARNING ast_extractor: spec=142 (ReachableProofs): extraction failed
2026-04-27 00:52:20,796 WARNING ast_extractor: SANY failed for MultiPaxos_MC: 
Fatal errors while parsing TLA+ spec in file /var/folders/nj/rhyfrhln2x76xrg36l6zy0680000gn/T/tmp3q8cc8jb/MultiPaxos_MC.tla

In module MultiPaxos_MC

Cannot find source file for module MultiPaxos imp
2026-04-27 00:52:20,803 WARNING ast_extractor: spec=146 (MultiPaxos_MC): extraction failed
2026-04-27 00:52:20,995 WARNING ast_extractor: SANY failed for MCNano: 
Fatal errors while parsing TLA+ spec in file /var/folders/nj/rhyfrhln2x76xrg36l6zy0680000gn/T/tmpb02oej00/MCNano.tla

In module MCNano

Cannot find source file for module Nano imported in module MCNa
2026-04-27 00:52:21,003 WARNING ast_extractor: spec=147 (MCNano): extraction failed
2026-04-27 00:52:21,862 INFO ast_extractor: progress: 60/206 (29%)
2026-04-27 00:52:22,494 WARNING ast_extractor: SANY failed for Consensus: 
Fatal errors while parsing TLA+ spec in file /var/folders/nj/rhyfrhln2x76xrg36l6zy0680000gn/T/tmphbowvp4j/Consensus.tla

In module Consensus

Cannot find source file for module TLAPS imported in modu
2026-04-27 00:52:22,502 WARNING ast_extractor: spec=153 (Consensus): extraction failed
2026-04-27 00:52:22,649 WARNING ast_extractor: SANY failed for MCConsensus: 
Fatal errors while parsing TLA+ spec in file /var/folders/nj/rhyfrhln2x76xrg36l6zy0680000gn/T/tmpwbzs65wa/MCConsensus.tla

In module MCConsensus

Cannot find source file for module Consensus imported
2026-04-27 00:52:22,657 WARNING ast_extractor: spec=154 (MCConsensus): extraction failed
2026-04-27 00:52:22,832 WARNING ast_extractor: SANY failed for MCPaxos: 
Fatal errors while parsing TLA+ spec in file /var/folders/nj/rhyfrhln2x76xrg36l6zy0680000gn/T/tmpaa8amvzf/MCPaxos.tla

In module MCPaxos

Cannot find source file for module Paxos imported in module M
2026-04-27 00:52:22,840 WARNING ast_extractor: spec=155 (MCPaxos): extraction failed
2026-04-27 00:52:23,002 WARNING ast_extractor: SANY failed for MCVoting: 
Fatal errors while parsing TLA+ spec in file /var/folders/nj/rhyfrhln2x76xrg36l6zy0680000gn/T/tmpbnbod9hv/MCVoting.tla

In module MCVoting

Cannot find source file for module Voting imported in modul
2026-04-27 00:52:23,010 WARNING ast_extractor: spec=156 (MCVoting): extraction failed
2026-04-27 00:52:23,169 WARNING ast_extractor: SANY failed for Paxos: 
Fatal errors while parsing TLA+ spec in file /var/folders/nj/rhyfrhln2x76xrg36l6zy0680000gn/T/tmpiydsdvc5/Paxos.tla

In module Paxos

Cannot find source file for module Voting imported in module Paxo
2026-04-27 00:52:23,177 WARNING ast_extractor: spec=157 (Paxos): extraction failed
2026-04-27 00:52:23,342 WARNING ast_extractor: SANY failed for Voting: 
Fatal errors while parsing TLA+ spec in file /var/folders/nj/rhyfrhln2x76xrg36l6zy0680000gn/T/tmpjp80gxxo/Voting.tla

In module Voting

Cannot find source file for module TLAPS imported in module Vot
2026-04-27 00:52:23,349 WARNING ast_extractor: spec=158 (Voting): extraction failed
2026-04-27 00:52:23,503 WARNING ast_extractor: SANY failed for Consensus: 
Fatal errors while parsing TLA+ spec in file /var/folders/nj/rhyfrhln2x76xrg36l6zy0680000gn/T/tmpskk2uxej/Consensus.tla

In module Consensus

Cannot find source file for module TLAPS imported in modu
2026-04-27 00:52:23,511 WARNING ast_extractor: spec=159 (Consensus): extraction failed
2026-04-27 00:52:23,650 WARNING ast_extractor: SANY failed for MCConsensus: 
Fatal errors while parsing TLA+ spec in file /var/folders/nj/rhyfrhln2x76xrg36l6zy0680000gn/T/tmpjenlqr16/MCConsensus.tla

In module MCConsensus

Cannot find source file for module Consensus imported
2026-04-27 00:52:23,658 WARNING ast_extractor: spec=160 (MCConsensus): extraction failed
2026-04-27 00:52:23,804 WARNING ast_extractor: SANY failed for MCPaxos: 
Fatal errors while parsing TLA+ spec in file /var/folders/nj/rhyfrhln2x76xrg36l6zy0680000gn/T/tmpwk46gntp/MCPaxos.tla

In module MCPaxos

Cannot find source file for module Paxos imported in module M
2026-04-27 00:52:23,812 WARNING ast_extractor: spec=161 (MCPaxos): extraction failed
2026-04-27 00:52:23,956 WARNING ast_extractor: SANY failed for MCVoting: 
Fatal errors while parsing TLA+ spec in file /var/folders/nj/rhyfrhln2x76xrg36l6zy0680000gn/T/tmpfpx57qnj/MCVoting.tla

In module MCVoting

Cannot find source file for module Voting imported in modul
2026-04-27 00:52:23,964 WARNING ast_extractor: spec=162 (MCVoting): extraction failed
2026-04-27 00:52:24,116 WARNING ast_extractor: SANY failed for Paxos: 
Fatal errors while parsing TLA+ spec in file /var/folders/nj/rhyfrhln2x76xrg36l6zy0680000gn/T/tmp4p1asazn/Paxos.tla

In module Paxos

Cannot find source file for module Voting imported in module Paxo
2026-04-27 00:52:24,124 WARNING ast_extractor: spec=163 (Paxos): extraction failed
2026-04-27 00:52:24,278 WARNING ast_extractor: SANY failed for Voting: 
Fatal errors while parsing TLA+ spec in file /var/folders/nj/rhyfrhln2x76xrg36l6zy0680000gn/T/tmpzrppojpn/Voting.tla

In module Voting

Cannot find source file for module TLAPS imported in module Vot
2026-04-27 00:52:24,286 WARNING ast_extractor: spec=164 (Voting): extraction failed
2026-04-27 00:52:24,431 WARNING ast_extractor: SANY failed for MCPrisoners: 
Fatal errors while parsing TLA+ spec in file /var/folders/nj/rhyfrhln2x76xrg36l6zy0680000gn/T/tmp4h30wcz2/MCPrisoners.tla

In module MCPrisoners

Cannot find source file for module Prisoners imported
2026-04-27 00:52:24,439 WARNING ast_extractor: spec=165 (MCPrisoners): extraction failed
2026-04-27 00:52:24,833 WARNING ast_extractor: SANY failed for MC: 
Fatal errors while parsing TLA+ spec in file /var/folders/nj/rhyfrhln2x76xrg36l6zy0680000gn/T/tmp8ut_xnyv/MC.tla

In module MC

Cannot find source file for module ReadersWriters imported in module MC
2026-04-27 00:52:24,841 WARNING ast_extractor: spec=167 (MC): extraction failed
2026-04-27 00:52:25,242 WARNING ast_extractor: SANY failed for FastPaxos: 
Fatal errors while parsing TLA+ spec in file /var/folders/nj/rhyfrhln2x76xrg36l6zy0680000gn/T/tmp8qfk3191/FastPaxos.tla

In module FastPaxos

Cannot find source file for module Paxos imported in modu
2026-04-27 00:52:25,250 WARNING ast_extractor: spec=169 (FastPaxos): extraction failed
2026-04-27 00:52:25,411 WARNING ast_extractor: SANY failed for Paxos: 
Fatal errors while parsing TLA+ spec in file /var/folders/nj/rhyfrhln2x76xrg36l6zy0680000gn/T/tmpm8vs1r6d/Paxos.tla

In module Paxos

Cannot find source file for module Voting imported in module Paxo
2026-04-27 00:52:25,419 WARNING ast_extractor: spec=170 (Paxos): extraction failed
2026-04-27 00:52:25,559 WARNING ast_extractor: SANY failed for MC: 
Fatal errors while parsing TLA+ spec in file /var/folders/nj/rhyfrhln2x76xrg36l6zy0680000gn/T/tmpcb41eqew/MC.tla

In module MC

Cannot find source file for module ReadersWriters imported in module MC
2026-04-27 00:52:25,566 WARNING ast_extractor: spec=171 (MC): extraction failed
2026-04-27 00:52:26,494 WARNING ast_extractor: SANY failed for MC_spanning: 
Fatal errors while parsing TLA+ spec in file /var/folders/nj/rhyfrhln2x76xrg36l6zy0680000gn/T/tmp0dcn4o6i/MC_spanning.tla

In module MC_spanning

Cannot find source file for module spanning imported 
2026-04-27 00:52:26,502 WARNING ast_extractor: spec=175 (MC_spanning): extraction failed
2026-04-27 00:52:27,938 WARNING ast_extractor: SANY failed for MC_sums_even: 
Fatal errors while parsing TLA+ spec in file /var/folders/nj/rhyfrhln2x76xrg36l6zy0680000gn/T/tmpwtre470u/MC_sums_even.tla

In module MC_sums_even

Cannot find source file for module sums_even import
2026-04-27 00:52:27,946 WARNING ast_extractor: spec=181 (MC_sums_even): extraction failed
2026-04-27 00:52:28,097 WARNING ast_extractor: SANY failed for sums_even: 
Fatal errors while parsing TLA+ spec in file /var/folders/nj/rhyfrhln2x76xrg36l6zy0680000gn/T/tmp2h7new0a/sums_even.tla

In module sums_even

Cannot find source file for module TLAPS imported in modu
2026-04-27 00:52:28,106 WARNING ast_extractor: spec=182 (sums_even): extraction failed
2026-04-27 00:52:28,499 WARNING ast_extractor: SANY failed for MCtcp: 
Fatal errors while parsing TLA+ spec in file /var/folders/nj/rhyfrhln2x76xrg36l6zy0680000gn/T/tmp69eapt0a/MCtcp.tla

In module MCtcp

Cannot find source file for module tcp imported in module MCtcp.

2026-04-27 00:52:28,507 WARNING ast_extractor: spec=184 (MCtcp): extraction failed
2026-04-27 00:52:29,082 WARNING ast_extractor: SANY failed for Simple: 
Fatal errors while parsing TLA+ spec in file /var/folders/nj/rhyfrhln2x76xrg36l6zy0680000gn/T/tmplvle7qyo/Simple.tla

In module Simple

Cannot find source file for module TLAPS imported in module Sim
2026-04-27 00:52:29,091 WARNING ast_extractor: spec=186 (Simple): extraction failed
2026-04-27 00:52:29,282 WARNING ast_extractor: SANY failed for SimpleRegular: 
Fatal errors while parsing TLA+ spec in file /var/folders/nj/rhyfrhln2x76xrg36l6zy0680000gn/T/tmpipj3n7eh/SimpleRegular.tla

In module SimpleRegular

Cannot find source file for module TLAPS imported
2026-04-27 00:52:29,290 WARNING ast_extractor: spec=187 (SimpleRegular): extraction failed
2026-04-27 00:52:29,451 WARNING ast_extractor: SANY failed for TestGraphs: 
Fatal errors while parsing TLA+ spec in file /var/folders/nj/rhyfrhln2x76xrg36l6zy0680000gn/T/tmpi31_7do8/TestGraphs.tla

In module TestGraphs

Cannot find source file for module TLCMC imported in mo
2026-04-27 00:52:29,458 WARNING ast_extractor: spec=188 (TestGraphs): extraction failed
2026-04-27 00:52:30,102 WARNING ast_extractor: SANY failed for Hanoi: 
Fatal errors while parsing TLA+ spec in file /var/folders/nj/rhyfrhln2x76xrg36l6zy0680000gn/T/tmp3vtr5rz5/Hanoi.tla

In module Hanoi

Cannot find source file for module Bits imported in module Hanoi.
2026-04-27 00:52:30,110 WARNING ast_extractor: spec=191 (Hanoi): extraction failed
2026-04-27 00:52:30,830 WARNING ast_extractor: SANY failed for PaxosCommit: 
Fatal errors while parsing TLA+ spec in file /var/folders/nj/rhyfrhln2x76xrg36l6zy0680000gn/T/tmpr5jzznit/PaxosCommit.tla

In module PaxosCommit

Cannot find source file for module TCommit imported i
2026-04-27 00:52:30,839 WARNING ast_extractor: spec=194 (PaxosCommit): extraction failed
2026-04-27 00:52:31,224 WARNING ast_extractor: SANY failed for TwoPhase: 
Fatal errors while parsing TLA+ spec in file /var/folders/nj/rhyfrhln2x76xrg36l6zy0680000gn/T/tmp54_37q_v/TwoPhase.tla

In module TwoPhase

Cannot find source file for module TCommit imported in modu
2026-04-27 00:52:31,232 WARNING ast_extractor: spec=196 (TwoPhase): extraction failed
2026-04-27 00:52:31,518 INFO ast_extractor: progress: 80/206 (39%)
2026-04-27 00:52:31,870 WARNING ast_extractor: SANY failed for MCTwoPhase: 
Fatal errors while parsing TLA+ spec in file /var/folders/nj/rhyfrhln2x76xrg36l6zy0680000gn/T/tmpi82ahoi0/MCTwoPhase.tla

In module MCTwoPhase

Cannot find source file for module TwoPhase imported in
2026-04-27 00:52:31,878 WARNING ast_extractor: spec=199 (MCTwoPhase): extraction failed
2026-04-27 00:52:32,328 WARNING ast_extractor: SANY failed for TwoPhase: 
Fatal errors while parsing TLA+ spec in file /var/folders/nj/rhyfrhln2x76xrg36l6zy0680000gn/T/tmphn4dt3hp/TwoPhase.tla

In module TwoPhase

Cannot find source file for module TCommit imported in modu
2026-04-27 00:52:32,336 WARNING ast_extractor: spec=201 (TwoPhase): extraction failed
2026-04-27 00:52:32,482 WARNING ast_extractor: SANY failed for MCYoYoNoPruning: 
Fatal errors while parsing TLA+ spec in file /var/folders/nj/rhyfrhln2x76xrg36l6zy0680000gn/T/tmpsmhl5bei/MCYoYoNoPruning.tla

In module MCYoYoNoPruning

Cannot find source file for module YoYoNoPrun
2026-04-27 00:52:32,490 WARNING ast_extractor: spec=202 (MCYoYoNoPruning): extraction failed
2026-04-27 00:52:32,648 WARNING ast_extractor: SANY failed for MCYoYoPruning: 
Fatal errors while parsing TLA+ spec in file /var/folders/nj/rhyfrhln2x76xrg36l6zy0680000gn/T/tmp7x98p7zd/MCYoYoPruning.tla

In module MCYoYoPruning

Cannot find source file for module YoYoPruning im
2026-04-27 00:52:32,656 WARNING ast_extractor: spec=203 (MCYoYoPruning): extraction failed
2026-04-27 00:52:33,976 INFO ast_extractor: done: 85 success, 120 failed, 1 skipped (of 206)
2026-04-27 00:56:31,391 WARNING ast_extractor: SANY failed for ACP_NB: 
Fatal errors while parsing TLA+ spec in file /var/folders/nj/rhyfrhln2x76xrg36l6zy0680000gn/T/tmphcoypqs1/ACP_NB.tla

In module ACP_NB

Cannot find source file for module ACP_SB imported in module AC
2026-04-27 00:56:31,412 WARNING ast_extractor: spec=2 (ACP_NB): extraction failed
2026-04-27 00:56:31,598 WARNING ast_extractor: SANY failed for ACP_NB_TLC: 
Fatal errors while parsing TLA+ spec in file /var/folders/nj/rhyfrhln2x76xrg36l6zy0680000gn/T/tmprut0pwwx/ACP_NB_TLC.tla

In module ACP_NB_TLC

Cannot find source file for module ACP_NB imported in m
2026-04-27 00:56:31,617 WARNING ast_extractor: spec=3 (ACP_NB_TLC): extraction failed
2026-04-27 00:56:31,814 WARNING ast_extractor: SANY failed for ACP_NB_WRONG_TLC: 
Fatal errors while parsing TLA+ spec in file /var/folders/nj/rhyfrhln2x76xrg36l6zy0680000gn/T/tmpak0a5wf4/ACP_NB_WRONG_TLC.tla

In module ACP_NB_WRONG_TLC

Cannot find source file for module ACP_SB i
2026-04-27 00:56:31,834 WARNING ast_extractor: spec=4 (ACP_NB_WRONG_TLC): extraction failed
2026-04-27 00:56:32,335 WARNING ast_extractor: SANY failed for ACP_SB_TLC: 
Fatal errors while parsing TLA+ spec in file /var/folders/nj/rhyfrhln2x76xrg36l6zy0680000gn/T/tmphjkwfhh_/ACP_SB_TLC.tla

In module ACP_SB_TLC

Cannot find source file for module ACP_SB imported in m
2026-04-27 00:56:32,353 WARNING ast_extractor: spec=6 (ACP_SB_TLC): extraction failed
2026-04-27 00:56:32,561 WARNING ast_extractor: SANY failed for AllocatorImplementation: 
Fatal errors while parsing TLA+ spec in file /var/folders/nj/rhyfrhln2x76xrg36l6zy0680000gn/T/tmptmr8880m/AllocatorImplementation.tla

In module AllocatorImplementation

Cannot find source file for m
2026-04-27 00:56:32,581 WARNING ast_extractor: spec=7 (AllocatorImplementation): extraction failed
2026-04-27 00:56:32,767 WARNING ast_extractor: SANY failed for AllocatorRefinement: 
Fatal errors while parsing TLA+ spec in file /var/folders/nj/rhyfrhln2x76xrg36l6zy0680000gn/T/tmpb2rvlamn/AllocatorRefinement.tla

In module AllocatorRefinement

Cannot find source file for module Sc
2026-04-27 00:56:32,789 WARNING ast_extractor: spec=8 (AllocatorRefinement): extraction failed
2026-04-27 00:56:33,672 WARNING ast_extractor: SANY failed for Bakery: 
Fatal errors while parsing TLA+ spec in file /var/folders/nj/rhyfrhln2x76xrg36l6zy0680000gn/T/tmptdd0pyrd/Bakery.tla

In module Bakery

Cannot find source file for module TLAPS imported in module Bak
2026-04-27 00:56:33,691 WARNING ast_extractor: spec=11 (Bakery): extraction failed
2026-04-27 00:56:33,959 WARNING ast_extractor: SANY failed for Boulanger: 
Fatal errors while parsing TLA+ spec in file /var/folders/nj/rhyfrhln2x76xrg36l6zy0680000gn/T/tmpo3sj2ljw/Boulanger.tla

In module Boulanger

Cannot find source file for module TLAPS imported in modu
2026-04-27 00:56:33,980 WARNING ast_extractor: spec=12 (Boulanger): extraction failed
2026-04-27 00:56:34,167 WARNING ast_extractor: SANY failed for MCBakery: 
Fatal errors while parsing TLA+ spec in file /var/folders/nj/rhyfrhln2x76xrg36l6zy0680000gn/T/tmplbqxze1b/MCBakery.tla

In module MCBakery

Cannot find source file for module Bakery imported in modul
2026-04-27 00:56:34,187 WARNING ast_extractor: spec=13 (MCBakery): extraction failed
2026-04-27 00:56:34,373 WARNING ast_extractor: SANY failed for MCBoulanger: 
Fatal errors while parsing TLA+ spec in file /var/folders/nj/rhyfrhln2x76xrg36l6zy0680000gn/T/tmpdsubfswy/MCBoulanger.tla

In module MCBoulanger

Cannot find source file for module Boulanger imported
2026-04-27 00:56:34,395 WARNING ast_extractor: spec=14 (MCBoulanger): extraction failed
2026-04-27 00:56:34,678 WARNING ast_extractor: SANY failed for bcastByz: 
Fatal errors while parsing TLA+ spec in file /var/folders/nj/rhyfrhln2x76xrg36l6zy0680000gn/T/tmp26ncm6_u/bcastByz.tla

In module bcastByz

Cannot find source file for module FiniteSetTheorems import
2026-04-27 00:56:34,700 WARNING ast_extractor: spec=15 (bcastByz): extraction failed
2026-04-27 00:56:35,525 WARNING ast_extractor: SANY failed for 18: 
Fatal errors while parsing TLA+ spec in file /var/folders/nj/rhyfrhln2x76xrg36l6zy0680000gn/T/tmpcmvz1pbt/18.tla

Unknown location

File name '18' does not match the name 'BufferedRandomAccessFile' o
2026-04-27 00:56:35,542 WARNING ast_extractor: spec=18 (18): extraction failed
2026-04-27 00:56:35,782 WARNING ast_extractor: SANY failed for VoucherCancel: 
Fatal errors while parsing TLA+ spec in file /var/folders/nj/rhyfrhln2x76xrg36l6zy0680000gn/T/tmpwfnqhvja/VoucherCancel.tla

In module VoucherCancel

Cannot find source file for module VoucherLifeCyc
2026-04-27 00:56:35,802 WARNING ast_extractor: spec=19 (VoucherCancel): extraction failed
2026-04-27 00:56:36,012 WARNING ast_extractor: SANY failed for VoucherIssue: 
Fatal errors while parsing TLA+ spec in file /var/folders/nj/rhyfrhln2x76xrg36l6zy0680000gn/T/tmpm4gtb2vi/VoucherIssue.tla

In module VoucherIssue

Cannot find source file for module VoucherLifeCycle
2026-04-27 00:56:36,032 WARNING ast_extractor: spec=20 (VoucherIssue): extraction failed
2026-04-27 00:56:36,523 WARNING ast_extractor: SANY failed for VoucherRedeem: 
Fatal errors while parsing TLA+ spec in file /var/folders/nj/rhyfrhln2x76xrg36l6zy0680000gn/T/tmp9_tgnqq6/VoucherRedeem.tla

In module VoucherRedeem

Cannot find source file for module VoucherLifeCyc
2026-04-27 00:56:36,542 WARNING ast_extractor: spec=22 (VoucherRedeem): extraction failed
2026-04-27 00:56:36,748 WARNING ast_extractor: SANY failed for VoucherTransfer: 
Fatal errors while parsing TLA+ spec in file /var/folders/nj/rhyfrhln2x76xrg36l6zy0680000gn/T/tmpywnlzp81/VoucherTransfer.tla

In module VoucherTransfer

Cannot find source file for module VoucherLif
2026-04-27 00:56:36,768 WARNING ast_extractor: spec=23 (VoucherTransfer): extraction failed
2026-04-27 00:56:37,046 WARNING ast_extractor: SANY failed for BPConProof: 
Fatal errors while parsing TLA+ spec in file /var/folders/nj/rhyfrhln2x76xrg36l6zy0680000gn/T/tmp918qjpjp/BPConProof.tla

In module BPConProof

Cannot find source file for module FiniteSetTheorems im
2026-04-27 00:56:37,066 WARNING ast_extractor: spec=24 (BPConProof): extraction failed
2026-04-27 00:56:37,266 WARNING ast_extractor: SANY failed for Consensus: 
Fatal errors while parsing TLA+ spec in file /var/folders/nj/rhyfrhln2x76xrg36l6zy0680000gn/T/tmpanxbg6nq/Consensus.tla

In module Consensus

Cannot find source file for module FiniteSetTheorems impo
2026-04-27 00:56:37,288 WARNING ast_extractor: spec=25 (Consensus): extraction failed
2026-04-27 00:56:37,505 WARNING ast_extractor: SANY failed for PConProof: 
Fatal errors while parsing TLA+ spec in file /var/folders/nj/rhyfrhln2x76xrg36l6zy0680000gn/T/tmpa8j86omz/PConProof.tla

In module PConProof

Cannot find source file for module TLAPS imported in modu
2026-04-27 00:56:37,525 WARNING ast_extractor: spec=26 (PConProof): extraction failed
2026-04-27 00:56:37,777 WARNING ast_extractor: SANY failed for VoteProof: 
Fatal errors while parsing TLA+ spec in file /var/folders/nj/rhyfrhln2x76xrg36l6zy0680000gn/T/tmps8842acg/VoteProof.tla

In module VoteProof

Cannot find source file for module NaturalsInduction impo
2026-04-27 00:56:37,796 WARNING ast_extractor: spec=27 (VoteProof): extraction failed
2026-04-27 00:56:39,861 WARNING ast_extractor: SANY failed for MCChangRoberts: 
Fatal errors while parsing TLA+ spec in file /var/folders/nj/rhyfrhln2x76xrg36l6zy0680000gn/T/tmpna9e52yq/MCChangRoberts.tla

In module MCChangRoberts

Cannot find source file for module ChangRoberts
2026-04-27 00:56:39,882 WARNING ast_extractor: spec=34 (MCChangRoberts): extraction failed
2026-04-27 00:56:40,460 WARNING ast_extractor: SANY failed for MCCheckpointCoordination: 
Fatal errors while parsing TLA+ spec in file /var/folders/nj/rhyfrhln2x76xrg36l6zy0680000gn/T/tmpz1ftjgn6/MCCheckpointCoordination.tla

In module MCCheckpointCoordination

Cannot find source file for
2026-04-27 00:56:40,480 WARNING ast_extractor: spec=36 (MCCheckpointCoordination): extraction failed
2026-04-27 00:56:41,589 WARNING ast_extractor: SANY failed for EnvironmentController: 
Fatal errors while parsing TLA+ spec in file /var/folders/nj/rhyfrhln2x76xrg36l6zy0680000gn/T/tmp27p9mrl2/EnvironmentController.tla

In module EnvironmentController

Cannot find source file for modul
2026-04-27 00:56:41,611 WARNING ast_extractor: spec=40 (EnvironmentController): extraction failed
2026-04-27 00:56:42,544 INFO ast_extractor: progress: 20/206 (10%)
2026-04-27 00:56:42,729 WARNING ast_extractor: SANY failed for MCDieHarder: 
Fatal errors while parsing TLA+ spec in file /var/folders/nj/rhyfrhln2x76xrg36l6zy0680000gn/T/tmpsstzopcb/MCDieHarder.tla

In module MCDieHarder

Cannot find source file for module DieHarder imported
2026-04-27 00:56:42,748 WARNING ast_extractor: spec=44 (MCDieHarder): extraction failed
2026-04-27 00:56:43,611 WARNING ast_extractor: SANY failed for DiskSynod: 
Fatal errors while parsing TLA+ spec in file /var/folders/nj/rhyfrhln2x76xrg36l6zy0680000gn/T/tmp6gr_oswk/DiskSynod.tla

In module DiskSynod

Cannot find source file for module Synod imported in modu
2026-04-27 00:56:43,631 WARNING ast_extractor: spec=47 (DiskSynod): extraction failed
2026-04-27 00:56:43,833 WARNING ast_extractor: SANY failed for HDiskSynod: 
Fatal errors while parsing TLA+ spec in file /var/folders/nj/rhyfrhln2x76xrg36l6zy0680000gn/T/tmpu1t9nzdo/HDiskSynod.tla

In module HDiskSynod

Cannot find source file for module DiskSynod imported i
2026-04-27 00:56:43,852 WARNING ast_extractor: spec=48 (HDiskSynod): extraction failed
2026-04-27 00:56:44,072 WARNING ast_extractor: SANY failed for MC_HDiskSynod: 
Fatal errors while parsing TLA+ spec in file /var/folders/nj/rhyfrhln2x76xrg36l6zy0680000gn/T/tmpro9lm90w/MC_HDiskSynod.tla

In module MC_HDiskSynod

Cannot find source file for module HDiskSynod imp
2026-04-27 00:56:44,092 WARNING ast_extractor: spec=49 (MC_HDiskSynod): extraction failed
2026-04-27 00:56:44,318 WARNING ast_extractor: SANY failed for 50: 
Fatal errors while parsing TLA+ spec in file /var/folders/nj/rhyfrhln2x76xrg36l6zy0680000gn/T/tmp3_hsenyv/50.tla

Unknown location

File name '50' does not match the name 'Synod' of the top level mod
2026-04-27 00:56:44,336 WARNING ast_extractor: spec=50 (50): extraction failed
2026-04-27 00:56:44,584 WARNING ast_extractor: SANY failed for Disruptor_MPMC: 
Fatal errors while parsing TLA+ spec in file /var/folders/nj/rhyfrhln2x76xrg36l6zy0680000gn/T/tmppeathkz3/Disruptor_MPMC.tla

In module Disruptor_MPMC

Cannot find source file for module RingBuffer i
2026-04-27 00:56:44,607 WARNING ast_extractor: spec=51 (Disruptor_MPMC): extraction failed
2026-04-27 00:56:44,849 WARNING ast_extractor: SANY failed for Disruptor_SPMC: 
Fatal errors while parsing TLA+ spec in file /var/folders/nj/rhyfrhln2x76xrg36l6zy0680000gn/T/tmpd7hv48jo/Disruptor_SPMC.tla

In module Disruptor_SPMC

Cannot find source file for module RingBuffer i
2026-04-27 00:56:44,871 WARNING ast_extractor: spec=52 (Disruptor_SPMC): extraction failed
2026-04-27 00:56:45,729 WARNING ast_extractor: SANY failed for MCEcho: 
Fatal errors while parsing TLA+ spec in file /var/folders/nj/rhyfrhln2x76xrg36l6zy0680000gn/T/tmpuw_2np7i/MCEcho.tla

In module MCEcho

Cannot find source file for module Echo imported in module MCEc
2026-04-27 00:56:45,754 WARNING ast_extractor: spec=55 (MCEcho): extraction failed
2026-04-27 00:56:46,311 WARNING ast_extractor: SANY failed for Einstein: 
Fatal errors while parsing TLA+ spec in file /var/folders/nj/rhyfrhln2x76xrg36l6zy0680000gn/T/tmpb9pjwzvw/Einstein.tla

In module Einstein

Cannot find source file for module Apalache imported in mod
2026-04-27 00:56:46,333 WARNING ast_extractor: spec=57 (Einstein): extraction failed
2026-04-27 00:56:46,529 WARNING ast_extractor: SANY failed for SimTokenRing: 
Fatal errors while parsing TLA+ spec in file /var/folders/nj/rhyfrhln2x76xrg36l6zy0680000gn/T/tmp3le2reuf/SimTokenRing.tla

In module SimTokenRing

Cannot find source file for module TokenRing import
2026-04-27 00:56:46,550 WARNING ast_extractor: spec=58 (SimTokenRing): extraction failed
2026-04-27 00:56:47,058 WARNING ast_extractor: SANY failed for EWD687a_anim: 
Fatal errors while parsing TLA+ spec in file /var/folders/nj/rhyfrhln2x76xrg36l6zy0680000gn/T/tmptc2emo9g/EWD687a_anim.tla

In module EWD687a_anim

Cannot find source file for module EWD687a imported
2026-04-27 00:56:47,078 WARNING ast_extractor: spec=60 (EWD687a_anim): extraction failed
2026-04-27 00:56:48,112 WARNING ast_extractor: SANY failed for MCEWD687a: 
Fatal errors while parsing TLA+ spec in file /var/folders/nj/rhyfrhln2x76xrg36l6zy0680000gn/T/tmpv_6r8tcv/MCEWD687a.tla

In module MCEWD687a

Cannot find source file for module EWD687a imported in mo
2026-04-27 00:56:48,133 WARNING ast_extractor: spec=63 (MCEWD687a): extraction failed
2026-04-27 00:56:48,368 WARNING ast_extractor: SANY failed for EWD840_anim: 
Fatal errors while parsing TLA+ spec in file /var/folders/nj/rhyfrhln2x76xrg36l6zy0680000gn/T/tmpfg1bkn52/EWD840_anim.tla

In module EWD840_anim

Cannot find source file for module EWD840 imported in
2026-04-27 00:56:48,388 WARNING ast_extractor: spec=64 (EWD840_anim): extraction failed
2026-04-27 00:56:48,599 WARNING ast_extractor: SANY failed for EWD840: 
Fatal errors while parsing TLA+ spec in file /var/folders/nj/rhyfrhln2x76xrg36l6zy0680000gn/T/tmp6dj_ws3m/EWD840.tla

In module EWD840

Cannot find source file for module SyncTerminationDetection imp
2026-04-27 00:56:48,622 WARNING ast_extractor: spec=65 (EWD840): extraction failed
2026-04-27 00:56:48,808 WARNING ast_extractor: SANY failed for EWD840_json: 
Fatal errors while parsing TLA+ spec in file /var/folders/nj/rhyfrhln2x76xrg36l6zy0680000gn/T/tmpguhh3hsl/EWD840_json.tla

In module EWD840_json

Cannot find source file for module EWD840 imported in
2026-04-27 00:56:48,830 WARNING ast_extractor: spec=66 (EWD840_json): extraction failed
2026-04-27 00:56:49,037 WARNING ast_extractor: SANY failed for EWD840_proof: 
Fatal errors while parsing TLA+ spec in file /var/folders/nj/rhyfrhln2x76xrg36l6zy0680000gn/T/tmpzje5t4dy/EWD840_proof.tla

In module EWD840_proof

Cannot find source file for module EWD840 imported 
2026-04-27 00:56:49,057 WARNING ast_extractor: spec=67 (EWD840_proof): extraction failed
2026-04-27 00:56:50,155 WARNING ast_extractor: SANY failed for AsyncTerminationDetection_proof: 
Fatal errors while parsing TLA+ spec in file /var/folders/nj/rhyfrhln2x76xrg36l6zy0680000gn/T/tmpf8lonijt/AsyncTerminationDetection_proof.tla

In module AsyncTerminationDetection_proof

Cannot find s
2026-04-27 00:56:50,176 WARNING ast_extractor: spec=71 (AsyncTerminationDetection_proof): extraction failed
2026-04-27 00:56:50,418 WARNING ast_extractor: SANY failed for EWD998_anim: 
Fatal errors while parsing TLA+ spec in file /var/folders/nj/rhyfrhln2x76xrg36l6zy0680000gn/T/tmpg7bdk1_7/EWD998_anim.tla

In module EWD998_anim

Cannot find source file for module EWD998ChanID impor
2026-04-27 00:56:50,438 WARNING ast_extractor: spec=72 (EWD998_anim): extraction failed
2026-04-27 00:56:50,660 WARNING ast_extractor: SANY failed for EWD998Chan: 
Fatal errors while parsing TLA+ spec in file /var/folders/nj/rhyfrhln2x76xrg36l6zy0680000gn/T/tmpiogxrij9/EWD998Chan.tla

In module EWD998Chan

Cannot find source file for module Utils imported in mo
2026-04-27 00:56:50,680 WARNING ast_extractor: spec=73 (EWD998Chan): extraction failed
2026-04-27 00:56:50,904 WARNING ast_extractor: SANY failed for EWD998ChanID: 
Fatal errors while parsing TLA+ spec in file /var/folders/nj/rhyfrhln2x76xrg36l6zy0680000gn/T/tmpv5cprxi9/EWD998ChanID.tla

In module EWD998ChanID

Cannot find source file for module Utils imported i
2026-04-27 00:56:50,931 WARNING ast_extractor: spec=74 (EWD998ChanID): extraction failed
2026-04-27 00:56:51,128 WARNING ast_extractor: SANY failed for EWD998ChanID_export: 
Fatal errors while parsing TLA+ spec in file /var/folders/nj/rhyfrhln2x76xrg36l6zy0680000gn/T/tmpsxt4tcke/EWD998ChanID_export.tla

In module EWD998ChanID_export

Cannot find source file for module EW
2026-04-27 00:56:51,148 WARNING ast_extractor: spec=75 (EWD998ChanID_export): extraction failed
2026-04-27 00:56:51,346 WARNING ast_extractor: SANY failed for EWD998ChanID_shiviz: 
Fatal errors while parsing TLA+ spec in file /var/folders/nj/rhyfrhln2x76xrg36l6zy0680000gn/T/tmpcgdubm21/EWD998ChanID_shiviz.tla

In module EWD998ChanID_shiviz

Cannot find source file for module EW
2026-04-27 00:56:51,366 WARNING ast_extractor: spec=76 (EWD998ChanID_shiviz): extraction failed
2026-04-27 00:56:51,573 WARNING ast_extractor: SANY failed for EWD998Chan_opts: 
Fatal errors while parsing TLA+ spec in file /var/folders/nj/rhyfrhln2x76xrg36l6zy0680000gn/T/tmplcc2wtr8/EWD998Chan_opts.tla

In module EWD998Chan_opts

Cannot find source file for module EWD998Chan
2026-04-27 00:56:51,593 WARNING ast_extractor: spec=77 (EWD998Chan_opts): extraction failed
2026-04-27 00:56:51,800 WARNING ast_extractor: SANY failed for EWD998ChanTrace: 
Fatal errors while parsing TLA+ spec in file /var/folders/nj/rhyfrhln2x76xrg36l6zy0680000gn/T/tmpybplhcvq/EWD998ChanTrace.tla

In module EWD998ChanTrace

Cannot find source file for module EWD998Chan
2026-04-27 00:56:51,819 WARNING ast_extractor: spec=78 (EWD998ChanTrace): extraction failed
2026-04-27 00:56:52,065 WARNING ast_extractor: SANY failed for EWD998: 
Fatal errors while parsing TLA+ spec in file /var/folders/nj/rhyfrhln2x76xrg36l6zy0680000gn/T/tmp6e60f6p8/EWD998.tla

In module EWD998

Cannot find source file for module AsyncTerminationDetection im
2026-04-27 00:56:52,085 WARNING ast_extractor: spec=79 (EWD998): extraction failed
2026-04-27 00:56:52,294 WARNING ast_extractor: SANY failed for EWD998_opts: 
Fatal errors while parsing TLA+ spec in file /var/folders/nj/rhyfrhln2x76xrg36l6zy0680000gn/T/tmprmcu7rtk/EWD998_opts.tla

In module EWD998_opts

Cannot find source file for module EWD998 imported in
2026-04-27 00:56:52,317 WARNING ast_extractor: spec=80 (EWD998_opts): extraction failed
2026-04-27 00:56:52,979 WARNING ast_extractor: SANY failed for EWD998PCal: 
Fatal errors while parsing TLA+ spec in file /var/folders/nj/rhyfrhln2x76xrg36l6zy0680000gn/T/tmp89swfqz9/EWD998PCal.tla

In module EWD998PCal

Cannot find source file for module EWD998 imported in m
2026-04-27 00:56:53,000 WARNING ast_extractor: spec=82 (EWD998PCal): extraction failed
2026-04-27 00:56:53,249 WARNING ast_extractor: SANY failed for EWD998_proof: 
Fatal errors while parsing TLA+ spec in file /var/folders/nj/rhyfrhln2x76xrg36l6zy0680000gn/T/tmpxj76tron/EWD998_proof.tla

In module EWD998_proof

Cannot find source file for module EWD998 imported 
2026-04-27 00:56:53,271 WARNING ast_extractor: spec=83 (EWD998_proof): extraction failed
2026-04-27 00:56:53,501 WARNING ast_extractor: SANY failed for SmokeEWD998: 
Fatal errors while parsing TLA+ spec in file /var/folders/nj/rhyfrhln2x76xrg36l6zy0680000gn/T/tmpjh1nu9w8/SmokeEWD998.tla

In module SmokeEWD998

Cannot find source file for module EWD998 imported in
2026-04-27 00:56:53,521 WARNING ast_extractor: spec=84 (SmokeEWD998): extraction failed
2026-04-27 00:56:55,206 WARNING ast_extractor: SANY failed for CRDT_proof: 
Fatal errors while parsing TLA+ spec in file /var/folders/nj/rhyfrhln2x76xrg36l6zy0680000gn/T/tmprt_85vcq/CRDT_proof.tla

In module CRDT_proof

Cannot find source file for module CRDT imported in mod
2026-04-27 00:56:55,228 WARNING ast_extractor: spec=89 (CRDT_proof): extraction failed
2026-04-27 00:56:55,830 WARNING ast_extractor: SANY failed for MCCRDT: 
Fatal errors while parsing TLA+ spec in file /var/folders/nj/rhyfrhln2x76xrg36l6zy0680000gn/T/tmp66_nw4qs/MCCRDT.tla

In module MCCRDT

Cannot find source file for module CRDT imported in module MCCR
2026-04-27 00:56:55,850 WARNING ast_extractor: spec=91 (MCCRDT): extraction failed
2026-04-27 00:56:56,071 WARNING ast_extractor: SANY failed for MCDistributedReplicatedLog: 
Fatal errors while parsing TLA+ spec in file /var/folders/nj/rhyfrhln2x76xrg36l6zy0680000gn/T/tmp0ogv4b6s/MCDistributedReplicatedLog.tla

In module MCDistributedReplicatedLog

Cannot find source file
2026-04-27 00:56:56,091 WARNING ast_extractor: spec=92 (MCDistributedReplicatedLog): extraction failed
2026-04-27 00:56:56,287 WARNING ast_extractor: SANY failed for MCReplicatedLog: 
Fatal errors while parsing TLA+ spec in file /var/folders/nj/rhyfrhln2x76xrg36l6zy0680000gn/T/tmp7k2c0e92/MCReplicatedLog.tla

In module MCReplicatedLog

Cannot find source file for module Replicated
2026-04-27 00:56:56,311 WARNING ast_extractor: spec=93 (MCReplicatedLog): extraction failed
2026-04-27 00:56:57,209 INFO ast_extractor: progress: 40/206 (19%)
2026-04-27 00:56:57,702 WARNING ast_extractor: SANY failed for product: 
Fatal errors while parsing TLA+ spec in file /var/folders/nj/rhyfrhln2x76xrg36l6zy0680000gn/T/tmp_wxp_taw/product.tla

In module product

Cannot find source file for module stages imported in module 
2026-04-27 00:56:57,724 WARNING ast_extractor: spec=98 (product): extraction failed
2026-04-27 00:56:57,941 WARNING ast_extractor: SANY failed for stages: 
Fatal errors while parsing TLA+ spec in file /var/folders/nj/rhyfrhln2x76xrg36l6zy0680000gn/T/tmpi19l8nt6/stages.tla

In module stages

Cannot find source file for module clean imported in module sta
2026-04-27 00:56:57,964 WARNING ast_extractor: spec=99 (stages): extraction failed
2026-04-27 00:56:58,662 WARNING ast_extractor: SANY failed for ClientCentric: 
Fatal errors while parsing TLA+ spec in file /var/folders/nj/rhyfrhln2x76xrg36l6zy0680000gn/T/tmpl5ny0czd/ClientCentric.tla

In module ClientCentric

Cannot find source file for module Util imported 
2026-04-27 00:56:58,683 WARNING ast_extractor: spec=101 (ClientCentric): extraction failed
2026-04-27 00:56:59,203 WARNING ast_extractor: SANY failed for KVsnap: 
Fatal errors while parsing TLA+ spec in file /var/folders/nj/rhyfrhln2x76xrg36l6zy0680000gn/T/tmpr0fdut48/KVsnap.tla

In module KVsnap

Cannot find source file for module Util imported in module KVsn
2026-04-27 00:56:59,223 WARNING ast_extractor: spec=103 (KVsnap): extraction failed
2026-04-27 00:56:59,421 WARNING ast_extractor: SANY failed for MCKVS: 
Fatal errors while parsing TLA+ spec in file /var/folders/nj/rhyfrhln2x76xrg36l6zy0680000gn/T/tmpjk70v8_5/MCKVS.tla

In module MCKVS

Cannot find source file for module KeyValueStore imported in modu
2026-04-27 00:56:59,442 WARNING ast_extractor: spec=104 (MCKVS): extraction failed
2026-04-27 00:57:00,919 WARNING ast_extractor: SANY failed for SimKnuthYao: 
Fatal errors while parsing TLA+ spec in file /var/folders/nj/rhyfrhln2x76xrg36l6zy0680000gn/T/tmp47ww2hf1/SimKnuthYao.tla

In module SimKnuthYao

Cannot find source file for module KnuthYao imported 
2026-04-27 00:57:00,940 WARNING ast_extractor: spec=109 (SimKnuthYao): extraction failed
2026-04-27 00:57:01,833 WARNING ast_extractor: SANY failed for LamportMutex_proofs: 
Fatal errors while parsing TLA+ spec in file /var/folders/nj/rhyfrhln2x76xrg36l6zy0680000gn/T/tmpnsm8xqjp/LamportMutex_proofs.tla

In module LamportMutex_proofs

Cannot find source file for module La
2026-04-27 00:57:01,854 WARNING ast_extractor: spec=112 (LamportMutex_proofs): extraction failed
2026-04-27 00:57:02,093 WARNING ast_extractor: SANY failed for MCLamportMutex: 
Fatal errors while parsing TLA+ spec in file /var/folders/nj/rhyfrhln2x76xrg36l6zy0680000gn/T/tmpwsos1807/MCLamportMutex.tla

In module MCLamportMutex

Cannot find source file for module LamportMutex
2026-04-27 00:57:02,114 WARNING ast_extractor: spec=113 (MCLamportMutex): extraction failed
2026-04-27 00:57:02,325 WARNING ast_extractor: SANY failed for NaturalsInduction: 
Fatal errors while parsing TLA+ spec in file /var/folders/nj/rhyfrhln2x76xrg36l6zy0680000gn/T/tmpm6yfvnwe/NaturalsInduction.tla

In module NaturalsInduction

Cannot find source file for module TLAPS 
2026-04-27 00:57:02,346 WARNING ast_extractor: spec=114 (NaturalsInduction): extraction failed
2026-04-27 00:57:02,600 WARNING ast_extractor: SANY failed for SequenceTheorems: 
Fatal errors while parsing TLA+ spec in file /var/folders/nj/rhyfrhln2x76xrg36l6zy0680000gn/T/tmplwv9nolc/SequenceTheorems.tla

In module SequenceTheorems

Cannot find source file for module WellFoun
2026-04-27 00:57:02,621 WARNING ast_extractor: spec=115 (SequenceTheorems): extraction failed
2026-04-27 00:57:03,162 WARNING ast_extractor: SANY failed for WellFoundedInduction: 
Fatal errors while parsing TLA+ spec in file /var/folders/nj/rhyfrhln2x76xrg36l6zy0680000gn/T/tmp_puqmqp5/WellFoundedInduction.tla

In module WellFoundedInduction

Cannot find source file for module 
2026-04-27 00:57:03,182 WARNING ast_extractor: spec=117 (WellFoundedInduction): extraction failed
2026-04-27 00:57:03,406 WARNING ast_extractor: SANY failed for AddTwo: 
Fatal errors while parsing TLA+ spec in file /var/folders/nj/rhyfrhln2x76xrg36l6zy0680000gn/T/tmpjeiqj2xi/AddTwo.tla

In module AddTwo

Cannot find source file for module TLAPS imported in module Add
2026-04-27 00:57:03,430 WARNING ast_extractor: spec=118 (AddTwo): extraction failed
2026-04-27 00:57:03,650 WARNING ast_extractor: SANY failed for FindHighest: 
Fatal errors while parsing TLA+ spec in file /var/folders/nj/rhyfrhln2x76xrg36l6zy0680000gn/T/tmp4cbbgy9n/FindHighest.tla

In module FindHighest

Cannot find source file for module TLAPS imported in 
2026-04-27 00:57:03,671 WARNING ast_extractor: spec=119 (FindHighest): extraction failed
2026-04-27 00:57:03,671 WARNING ast_extractor: spec=120: .tla file not found, skipping
2026-04-27 00:57:03,884 WARNING ast_extractor: SANY failed for LeastCircularSubstring: 
Fatal errors while parsing TLA+ spec in file /var/folders/nj/rhyfrhln2x76xrg36l6zy0680000gn/T/tmp27_o561y/LeastCircularSubstring.tla

In module LeastCircularSubstring

Cannot find source file for mod
2026-04-27 00:57:03,905 WARNING ast_extractor: spec=121 (LeastCircularSubstring): extraction failed
2026-04-27 00:57:04,104 WARNING ast_extractor: SANY failed for MCLeastCircularSubstring: 
Fatal errors while parsing TLA+ spec in file /var/folders/nj/rhyfrhln2x76xrg36l6zy0680000gn/T/tmplvqb9453/MCLeastCircularSubstring.tla

In module MCLeastCircularSubstring

Cannot find source file for
2026-04-27 00:57:04,124 WARNING ast_extractor: spec=122 (MCLeastCircularSubstring): extraction failed
2026-04-27 00:57:05,115 WARNING ast_extractor: SANY failed for BinarySearch: 
Fatal errors while parsing TLA+ spec in file /var/folders/nj/rhyfrhln2x76xrg36l6zy0680000gn/T/tmpt55ldb1i/BinarySearch.tla

In module BinarySearch

Cannot find source file for module TLAPS imported i
2026-04-27 00:57:05,137 WARNING ast_extractor: spec=125 (BinarySearch): extraction failed
2026-04-27 00:57:05,365 WARNING ast_extractor: SANY failed for MCBinarySearch: 
Fatal errors while parsing TLA+ spec in file /var/folders/nj/rhyfrhln2x76xrg36l6zy0680000gn/T/tmpbxolvrx4/MCBinarySearch.tla

In module MCBinarySearch

Cannot find source file for module BinarySearch
2026-04-27 00:57:05,386 WARNING ast_extractor: spec=126 (MCBinarySearch): extraction failed
2026-04-27 00:57:05,581 WARNING ast_extractor: SANY failed for MCQuicksort: 
Fatal errors while parsing TLA+ spec in file /var/folders/nj/rhyfrhln2x76xrg36l6zy0680000gn/T/tmphnlj84ed/MCQuicksort.tla

In module MCQuicksort

Cannot find source file for module Quicksort imported
2026-04-27 00:57:05,604 WARNING ast_extractor: spec=127 (MCQuicksort): extraction failed
2026-04-27 00:57:05,838 WARNING ast_extractor: SANY failed for Quicksort: 
Fatal errors while parsing TLA+ spec in file /var/folders/nj/rhyfrhln2x76xrg36l6zy0680000gn/T/tmpm781ongg/Quicksort.tla

In module Quicksort

Cannot find source file for module TLAPS imported in modu
2026-04-27 00:57:05,858 WARNING ast_extractor: spec=128 (Quicksort): extraction failed
2026-04-27 00:57:06,113 WARNING ast_extractor: SANY failed for SumSequence: 
Fatal errors while parsing TLA+ spec in file /var/folders/nj/rhyfrhln2x76xrg36l6zy0680000gn/T/tmp_azzaetw/SumSequence.tla

In module SumSequence

Cannot find source file for module SequenceTheorems i
2026-04-27 00:57:06,134 WARNING ast_extractor: spec=129 (SumSequence): extraction failed
2026-04-27 00:57:06,665 WARNING ast_extractor: SANY failed for MajorityProof: 
Fatal errors while parsing TLA+ spec in file /var/folders/nj/rhyfrhln2x76xrg36l6zy0680000gn/T/tmpyp7eob30/MajorityProof.tla

In module MajorityProof

Cannot find source file for module Majority impor
2026-04-27 00:57:06,685 WARNING ast_extractor: spec=131 (MajorityProof): extraction failed
2026-04-27 00:57:06,893 WARNING ast_extractor: SANY failed for MCMajority: 
Fatal errors while parsing TLA+ spec in file /var/folders/nj/rhyfrhln2x76xrg36l6zy0680000gn/T/tmp3vt7kyav/MCMajority.tla

In module MCMajority

Cannot find source file for module Majority imported in
2026-04-27 00:57:06,913 WARNING ast_extractor: spec=132 (MCMajority): extraction failed
2026-04-27 00:57:07,106 WARNING ast_extractor: SANY failed for MCParReach: 
Fatal errors while parsing TLA+ spec in file /var/folders/nj/rhyfrhln2x76xrg36l6zy0680000gn/T/tmp0pkhh6ar/MCParReach.tla

In module MCParReach

Cannot find source file for module ParReach imported in
2026-04-27 00:57:07,126 WARNING ast_extractor: spec=133 (MCParReach): extraction failed
2026-04-27 00:57:07,331 WARNING ast_extractor: SANY failed for MCReachabilityTest: 
Fatal errors while parsing TLA+ spec in file /var/folders/nj/rhyfrhln2x76xrg36l6zy0680000gn/T/tmphykwoowt/MCReachabilityTest.tla

In module MCReachabilityTest

Cannot find source file for module Reac
2026-04-27 00:57:07,351 WARNING ast_extractor: spec=134 (MCReachabilityTest): extraction failed
2026-04-27 00:57:07,546 WARNING ast_extractor: SANY failed for MCReachable: 
Fatal errors while parsing TLA+ spec in file /var/folders/nj/rhyfrhln2x76xrg36l6zy0680000gn/T/tmpaus6ex3u/MCReachable.tla

In module MCReachable

Cannot find source file for module Reachable imported
2026-04-27 00:57:07,570 WARNING ast_extractor: spec=135 (MCReachable): extraction failed
2026-04-27 00:57:07,792 WARNING ast_extractor: SANY failed for ParReach: 
Fatal errors while parsing TLA+ spec in file /var/folders/nj/rhyfrhln2x76xrg36l6zy0680000gn/T/tmpt6_1x0oe/ParReach.tla

In module ParReach

Cannot find source file for module Reachability imported in
2026-04-27 00:57:07,814 WARNING ast_extractor: spec=136 (ParReach): extraction failed
2026-04-27 00:57:08,036 WARNING ast_extractor: SANY failed for ParReachProofs: 
Fatal errors while parsing TLA+ spec in file /var/folders/nj/rhyfrhln2x76xrg36l6zy0680000gn/T/tmp9by2_w9k/ParReachProofs.tla

In module ParReachProofs

Cannot find source file for module ParReach imp
2026-04-27 00:57:08,057 WARNING ast_extractor: spec=137 (ParReachProofs): extraction failed
2026-04-27 00:57:08,577 WARNING ast_extractor: SANY failed for ReachabilityProofs: 
Fatal errors while parsing TLA+ spec in file /var/folders/nj/rhyfrhln2x76xrg36l6zy0680000gn/T/tmpqfck6hef/ReachabilityProofs.tla

In module ReachabilityProofs

Cannot find source file for module Reac
2026-04-27 00:57:08,598 WARNING ast_extractor: spec=139 (ReachabilityProofs): extraction failed
2026-04-27 00:57:08,806 WARNING ast_extractor: SANY failed for ReachabilityTest: 
Fatal errors while parsing TLA+ spec in file /var/folders/nj/rhyfrhln2x76xrg36l6zy0680000gn/T/tmp9kdp7t5e/ReachabilityTest.tla

In module ReachabilityTest

Cannot find source file for module TLAPS im
2026-04-27 00:57:08,827 WARNING ast_extractor: spec=140 (ReachabilityTest): extraction failed
2026-04-27 00:57:09,039 WARNING ast_extractor: SANY failed for Reachable: 
Fatal errors while parsing TLA+ spec in file /var/folders/nj/rhyfrhln2x76xrg36l6zy0680000gn/T/tmptq2igi6f/Reachable.tla

In module Reachable

Cannot find source file for module Reachability imported 
2026-04-27 00:57:09,060 WARNING ast_extractor: spec=141 (Reachable): extraction failed
2026-04-27 00:57:09,283 WARNING ast_extractor: SANY failed for ReachableProofs: 
Fatal errors while parsing TLA+ spec in file /var/folders/nj/rhyfrhln2x76xrg36l6zy0680000gn/T/tmpvwow703z/ReachableProofs.tla

In module ReachableProofs

Cannot find source file for module Reachable 
2026-04-27 00:57:09,305 WARNING ast_extractor: spec=142 (ReachableProofs): extraction failed
2026-04-27 00:57:10,608 WARNING ast_extractor: SANY failed for MultiPaxos_MC: 
Fatal errors while parsing TLA+ spec in file /var/folders/nj/rhyfrhln2x76xrg36l6zy0680000gn/T/tmpzz5dyu5j/MultiPaxos_MC.tla

In module MultiPaxos_MC

Cannot find source file for module MultiPaxos imp
2026-04-27 00:57:10,630 WARNING ast_extractor: spec=146 (MultiPaxos_MC): extraction failed
2026-04-27 00:57:10,840 WARNING ast_extractor: SANY failed for MCNano: 
Fatal errors while parsing TLA+ spec in file /var/folders/nj/rhyfrhln2x76xrg36l6zy0680000gn/T/tmpxn2g3cor/MCNano.tla

In module MCNano

Cannot find source file for module Nano imported in module MCNa
2026-04-27 00:57:10,860 WARNING ast_extractor: spec=147 (MCNano): extraction failed
2026-04-27 00:57:11,943 INFO ast_extractor: progress: 60/206 (29%)
2026-04-27 00:57:12,776 WARNING ast_extractor: SANY failed for Consensus: 
Fatal errors while parsing TLA+ spec in file /var/folders/nj/rhyfrhln2x76xrg36l6zy0680000gn/T/tmppxhujpg0/Consensus.tla

In module Consensus

Cannot find source file for module FiniteSetTheorems impo
2026-04-27 00:57:12,796 WARNING ast_extractor: spec=153 (Consensus): extraction failed
2026-04-27 00:57:13,025 WARNING ast_extractor: SANY failed for MCConsensus: 
Fatal errors while parsing TLA+ spec in file /var/folders/nj/rhyfrhln2x76xrg36l6zy0680000gn/T/tmp0xfgr_a8/MCConsensus.tla

In module MCConsensus

Cannot find source file for module Consensus imported
2026-04-27 00:57:13,047 WARNING ast_extractor: spec=154 (MCConsensus): extraction failed
2026-04-27 00:57:13,248 WARNING ast_extractor: SANY failed for MCPaxos: 
Fatal errors while parsing TLA+ spec in file /var/folders/nj/rhyfrhln2x76xrg36l6zy0680000gn/T/tmpawq233a7/MCPaxos.tla

In module MCPaxos

Cannot find source file for module Paxos imported in module M
2026-04-27 00:57:13,271 WARNING ast_extractor: spec=155 (MCPaxos): extraction failed
2026-04-27 00:57:13,465 WARNING ast_extractor: SANY failed for MCVoting: 
Fatal errors while parsing TLA+ spec in file /var/folders/nj/rhyfrhln2x76xrg36l6zy0680000gn/T/tmpgltxuy17/MCVoting.tla

In module MCVoting

Cannot find source file for module Voting imported in modul
2026-04-27 00:57:13,484 WARNING ast_extractor: spec=156 (MCVoting): extraction failed
2026-04-27 00:57:13,707 WARNING ast_extractor: SANY failed for Paxos: 
Fatal errors while parsing TLA+ spec in file /var/folders/nj/rhyfrhln2x76xrg36l6zy0680000gn/T/tmp4rsqf941/Paxos.tla

In module Paxos

Cannot find source file for module Voting imported in module Paxo
2026-04-27 00:57:13,728 WARNING ast_extractor: spec=157 (Paxos): extraction failed
2026-04-27 00:57:13,987 WARNING ast_extractor: SANY failed for Voting: 
Fatal errors while parsing TLA+ spec in file /var/folders/nj/rhyfrhln2x76xrg36l6zy0680000gn/T/tmpm0yvw7qm/Voting.tla

In module Voting

Cannot find source file for module TLAPS imported in module Vot
2026-04-27 00:57:14,011 WARNING ast_extractor: spec=158 (Voting): extraction failed
2026-04-27 00:57:14,219 WARNING ast_extractor: SANY failed for Consensus: 
Fatal errors while parsing TLA+ spec in file /var/folders/nj/rhyfrhln2x76xrg36l6zy0680000gn/T/tmpqatkbuvk/Consensus.tla

In module Consensus

Cannot find source file for module FiniteSetTheorems impo
2026-04-27 00:57:14,239 WARNING ast_extractor: spec=159 (Consensus): extraction failed
2026-04-27 00:57:14,444 WARNING ast_extractor: SANY failed for MCConsensus: 
Fatal errors while parsing TLA+ spec in file /var/folders/nj/rhyfrhln2x76xrg36l6zy0680000gn/T/tmp80l1k8ia/MCConsensus.tla

In module MCConsensus

Cannot find source file for module Consensus imported
2026-04-27 00:57:14,467 WARNING ast_extractor: spec=160 (MCConsensus): extraction failed
2026-04-27 00:57:14,667 WARNING ast_extractor: SANY failed for MCPaxos: 
Fatal errors while parsing TLA+ spec in file /var/folders/nj/rhyfrhln2x76xrg36l6zy0680000gn/T/tmpaf9uh7i4/MCPaxos.tla

In module MCPaxos

Cannot find source file for module Paxos imported in module M
2026-04-27 00:57:14,691 WARNING ast_extractor: spec=161 (MCPaxos): extraction failed
2026-04-27 00:57:14,890 WARNING ast_extractor: SANY failed for MCVoting: 
Fatal errors while parsing TLA+ spec in file /var/folders/nj/rhyfrhln2x76xrg36l6zy0680000gn/T/tmpho1zp85n/MCVoting.tla

In module MCVoting

Cannot find source file for module Voting imported in modul
2026-04-27 00:57:14,911 WARNING ast_extractor: spec=162 (MCVoting): extraction failed
2026-04-27 00:57:15,135 WARNING ast_extractor: SANY failed for Paxos: 
Fatal errors while parsing TLA+ spec in file /var/folders/nj/rhyfrhln2x76xrg36l6zy0680000gn/T/tmp9mo4xo_q/Paxos.tla

In module Paxos

Cannot find source file for module Voting imported in module Paxo
2026-04-27 00:57:15,156 WARNING ast_extractor: spec=163 (Paxos): extraction failed
2026-04-27 00:57:15,365 WARNING ast_extractor: SANY failed for Voting: 
Fatal errors while parsing TLA+ spec in file /var/folders/nj/rhyfrhln2x76xrg36l6zy0680000gn/T/tmpxy_t5fyl/Voting.tla

In module Voting

Cannot find source file for module TLAPS imported in module Vot
2026-04-27 00:57:15,388 WARNING ast_extractor: spec=164 (Voting): extraction failed
2026-04-27 00:57:15,589 WARNING ast_extractor: SANY failed for MCPrisoners: 
Fatal errors while parsing TLA+ spec in file /var/folders/nj/rhyfrhln2x76xrg36l6zy0680000gn/T/tmpdqay66mn/MCPrisoners.tla

In module MCPrisoners

Cannot find source file for module Prisoners imported
2026-04-27 00:57:15,610 WARNING ast_extractor: spec=165 (MCPrisoners): extraction failed
2026-04-27 00:57:16,112 WARNING ast_extractor: SANY failed for MC: 
Fatal errors while parsing TLA+ spec in file /var/folders/nj/rhyfrhln2x76xrg36l6zy0680000gn/T/tmpp38dfp4v/MC.tla

In module MC

Cannot find source file for module CarTalkPuzzle imported in module MC.
2026-04-27 00:57:16,134 WARNING ast_extractor: spec=167 (MC): extraction failed
2026-04-27 00:57:16,668 WARNING ast_extractor: SANY failed for FastPaxos: 
Fatal errors while parsing TLA+ spec in file /var/folders/nj/rhyfrhln2x76xrg36l6zy0680000gn/T/tmpx66qszjx/FastPaxos.tla

In module FastPaxos

Cannot find source file for module Paxos imported in modu
2026-04-27 00:57:16,693 WARNING ast_extractor: spec=169 (FastPaxos): extraction failed
2026-04-27 00:57:16,934 WARNING ast_extractor: SANY failed for Paxos: 
Fatal errors while parsing TLA+ spec in file /var/folders/nj/rhyfrhln2x76xrg36l6zy0680000gn/T/tmplnx00i_b/Paxos.tla

In module Paxos

Cannot find source file for module Voting imported in module Paxo
2026-04-27 00:57:16,955 WARNING ast_extractor: spec=170 (Paxos): extraction failed
2026-04-27 00:57:17,153 WARNING ast_extractor: SANY failed for MC: 
Fatal errors while parsing TLA+ spec in file /var/folders/nj/rhyfrhln2x76xrg36l6zy0680000gn/T/tmpiogytxfq/MC.tla

In module MC

Cannot find source file for module CarTalkPuzzle imported in module MC.
2026-04-27 00:57:17,173 WARNING ast_extractor: spec=171 (MC): extraction failed
2026-04-27 00:57:18,355 WARNING ast_extractor: SANY failed for MC_spanning: 
Fatal errors while parsing TLA+ spec in file /var/folders/nj/rhyfrhln2x76xrg36l6zy0680000gn/T/tmp9y0dgbfq/MC_spanning.tla

In module MC_spanning

Cannot find source file for module spanning imported 
2026-04-27 00:57:18,378 WARNING ast_extractor: spec=175 (MC_spanning): extraction failed
2026-04-27 00:57:20,189 WARNING ast_extractor: SANY failed for MC_sums_even: 
Fatal errors while parsing TLA+ spec in file /var/folders/nj/rhyfrhln2x76xrg36l6zy0680000gn/T/tmp01fns6va/MC_sums_even.tla

In module MC_sums_even

Cannot find source file for module sums_even import
2026-04-27 00:57:20,215 WARNING ast_extractor: spec=181 (MC_sums_even): extraction failed
2026-04-27 00:57:20,454 WARNING ast_extractor: SANY failed for sums_even: 
Fatal errors while parsing TLA+ spec in file /var/folders/nj/rhyfrhln2x76xrg36l6zy0680000gn/T/tmp4twgwlir/sums_even.tla

In module sums_even

Cannot find source file for module TLAPS imported in modu
2026-04-27 00:57:20,475 WARNING ast_extractor: spec=182 (sums_even): extraction failed
2026-04-27 00:57:20,992 WARNING ast_extractor: SANY failed for MCtcp: 
Fatal errors while parsing TLA+ spec in file /var/folders/nj/rhyfrhln2x76xrg36l6zy0680000gn/T/tmp88yt1fhj/MCtcp.tla

In module MCtcp

Cannot find source file for module tcp imported in module MCtcp.

2026-04-27 00:57:21,016 WARNING ast_extractor: spec=184 (MCtcp): extraction failed
2026-04-27 00:57:21,675 WARNING ast_extractor: SANY failed for Simple: 
Fatal errors while parsing TLA+ spec in file /var/folders/nj/rhyfrhln2x76xrg36l6zy0680000gn/T/tmpje7nqkvp/Simple.tla

In module Simple

Cannot find source file for module TLAPS imported in module Sim
2026-04-27 00:57:21,696 WARNING ast_extractor: spec=186 (Simple): extraction failed
2026-04-27 00:57:21,916 WARNING ast_extractor: SANY failed for SimpleRegular: 
Fatal errors while parsing TLA+ spec in file /var/folders/nj/rhyfrhln2x76xrg36l6zy0680000gn/T/tmp67ef2yn8/SimpleRegular.tla

In module SimpleRegular

Cannot find source file for module TLAPS imported
2026-04-27 00:57:21,938 WARNING ast_extractor: spec=187 (SimpleRegular): extraction failed
2026-04-27 00:57:22,150 WARNING ast_extractor: SANY failed for TestGraphs: 
Fatal errors while parsing TLA+ spec in file /var/folders/nj/rhyfrhln2x76xrg36l6zy0680000gn/T/tmp031c4nxw/TestGraphs.tla

In module TestGraphs

Cannot find source file for module TLCMC imported in mo
2026-04-27 00:57:22,173 WARNING ast_extractor: spec=188 (TestGraphs): extraction failed
2026-04-27 00:57:23,053 WARNING ast_extractor: SANY failed for Hanoi: 
Fatal errors while parsing TLA+ spec in file /var/folders/nj/rhyfrhln2x76xrg36l6zy0680000gn/T/tmpgwx32y0c/Hanoi.tla

In module Hanoi

Cannot find source file for module Bits imported in module Hanoi.
2026-04-27 00:57:23,079 WARNING ast_extractor: spec=191 (Hanoi): extraction failed
2026-04-27 00:57:24,032 WARNING ast_extractor: SANY failed for PaxosCommit: 
Fatal errors while parsing TLA+ spec in file /var/folders/nj/rhyfrhln2x76xrg36l6zy0680000gn/T/tmpxa1gzgah/PaxosCommit.tla

In module PaxosCommit

Cannot find source file for module TCommit imported i
2026-04-27 00:57:24,053 WARNING ast_extractor: spec=194 (PaxosCommit): extraction failed
2026-04-27 00:57:24,569 WARNING ast_extractor: SANY failed for TwoPhase: 
Fatal errors while parsing TLA+ spec in file /var/folders/nj/rhyfrhln2x76xrg36l6zy0680000gn/T/tmpdhchn6x6/TwoPhase.tla

In module TwoPhase

Cannot find source file for module TLAPS imported in module
2026-04-27 00:57:24,591 WARNING ast_extractor: spec=196 (TwoPhase): extraction failed
2026-04-27 00:57:24,951 INFO ast_extractor: progress: 80/206 (39%)
2026-04-27 00:57:25,422 WARNING ast_extractor: SANY failed for MCTwoPhase: 
Fatal errors while parsing TLA+ spec in file /var/folders/nj/rhyfrhln2x76xrg36l6zy0680000gn/T/tmphdya9h0x/MCTwoPhase.tla

In module MCTwoPhase

Cannot find source file for module TwoPhase imported in
2026-04-27 00:57:25,442 WARNING ast_extractor: spec=199 (MCTwoPhase): extraction failed
2026-04-27 00:57:25,972 WARNING ast_extractor: SANY failed for TwoPhase: 
Fatal errors while parsing TLA+ spec in file /var/folders/nj/rhyfrhln2x76xrg36l6zy0680000gn/T/tmpfuhuhj59/TwoPhase.tla

In module TwoPhase

Cannot find source file for module TLAPS imported in module
2026-04-27 00:57:25,993 WARNING ast_extractor: spec=201 (TwoPhase): extraction failed
2026-04-27 00:57:26,198 WARNING ast_extractor: SANY failed for MCYoYoNoPruning: 
Fatal errors while parsing TLA+ spec in file /var/folders/nj/rhyfrhln2x76xrg36l6zy0680000gn/T/tmp3vjg8rbj/MCYoYoNoPruning.tla

In module MCYoYoNoPruning

Cannot find source file for module YoYoNoPrun
2026-04-27 00:57:26,219 WARNING ast_extractor: spec=202 (MCYoYoNoPruning): extraction failed
2026-04-27 00:57:26,430 WARNING ast_extractor: SANY failed for MCYoYoPruning: 
Fatal errors while parsing TLA+ spec in file /var/folders/nj/rhyfrhln2x76xrg36l6zy0680000gn/T/tmp1d137391/MCYoYoPruning.tla

In module MCYoYoPruning

Cannot find source file for module YoYoPruning im
2026-04-27 00:57:26,451 WARNING ast_extractor: spec=203 (MCYoYoPruning): extraction failed
2026-04-27 00:57:28,088 INFO ast_extractor: done: 85 success, 120 failed, 1 skipped (of 206)
2026-04-27 00:57:53,886 INFO ast_extractor: done: 0 success, 0 failed, 0 skipped (of 0)
